sen_id,Sentence,E1,E2,Fold
LLL.d0.s0,"In vivo studies of the activity of four of the kinases, KinA, KinC, KinD (ykvD) and KinE (ykrQ), using abrB transcription as an indicator of Spo0A~P level, revealed that KinC and KinD were responsible for Spo0A~P production during the exponential phase of growth in the absence of KinA and KinB.",KinC,Spo0A~P,7
LLL.d0.s0,"In vivo studies of the activity of four of the kinases, KinA, KinC, KinD (ykvD) and KinE (ykrQ), using abrB transcription as an indicator of Spo0A~P level, revealed that KinC and KinD were responsible for Spo0A~P production during the exponential phase of growth in the absence of KinA and KinB.",KinD,Spo0A~P,7
LLL.d1.s0,"In this mutant, expression of the spoIIG gene, whose transcription depends on both sigma(A) and the phosphorylated Spo0A protein, Spo0A~P, a major transcription factor during early stages of sporulation, was greatly reduced at 43 degrees C.",sigma(A),spoIIG,4
LLL.d1.s0,"In this mutant, expression of the spoIIG gene, whose transcription depends on both sigma(A) and the phosphorylated Spo0A protein, Spo0A~P, a major transcription factor during early stages of sporulation, was greatly reduced at 43 degrees C.",Spo0A,spoIIG,4
LLL.d2.s0,"Transcription of ydhD was dependent on SigE, and the mRNA was detectable from 2 h after the cessation of logarithmic growth (T2 of sporulation).",SigE,ydhD,8
LLL.d2.s1,ykuD was transcribed by SigK RNA polymerase from T4 of sporulation.,SigK,ykuD,8
LLL.d2.s2,"Both SigK and GerE were essential for ykvP expression, and this gene was transcribed from T5 of sporulation.",SigK,ykvP,8
LLL.d2.s2,"Both SigK and GerE were essential for ykvP expression, and this gene was transcribed from T5 of sporulation.",GerE,ykvP,8
LLL.d3.s0,"Analysis of the expression of a translational ywhE-lacZ fusion showed that ywhE expression is sporulation-specific, and is controlled predominantly by the forespore-specific sigma factor sigma(F), and to a lesser extent by sigma(G).",sigma(F),ywhE,9
LLL.d3.s0,"Analysis of the expression of a translational ywhE-lacZ fusion showed that ywhE expression is sporulation-specific, and is controlled predominantly by the forespore-specific sigma factor sigma(F), and to a lesser extent by sigma(G).",sigma(G),ywhE,9
LLL.d4.s0,"Secondly, SpoIIE is essential for the activation of the first compartment-specific transcription factor sigma(F) in the prespore.",SpoIIE,sigma(F),10
LLL.d4.s1,Localization of SpoIIE was shown to be dependent on the essential cell division protein FtsZ.,FtsZ,SpoIIE,10
LLL.d5.s0,"In the shaA mutant, sigma(H)-dependent expression of spo0A and spoVG at an early stage of sporulation was sensitive to external NaCl.",sigma(H),spo0A,4
LLL.d5.s0,"In the shaA mutant, sigma(H)-dependent expression of spo0A and spoVG at an early stage of sporulation was sensitive to external NaCl.",sigma(H),spoVG,4
LLL.d6.s0,The expression of rsfA is under the control of both sigma(F) and sigma(G).,sigma(F),rsfA,6
LLL.d6.s0,The expression of rsfA is under the control of both sigma(F) and sigma(G).,sigma(G),rsfA,6
LLL.d7.s0,Expression of the sigma(K)-dependent cwlH gene depended on gerE.,sigma(K),cwlH,7
LLL.d7.s0,Expression of the sigma(K)-dependent cwlH gene depended on gerE.,gerE,cwlH,7
LLL.d8.s0,"Our results indicate that the level of KatX level in outgrowing spores depends mainly on EsigmaF, because sigB mutants show normal KatX activity in dormant and outgrowing spores.",EsigmaF,KatX,1
LLL.d8.s1,"Therefore, the physiological role of sigmaB-dependent katX expression remains obscure.",sigmaB,katX,1
LLL.d8.s2,"The -10 and -35 sequences of the sigmaB- and sigmaF-dependent promoters of katX overlap, and the transcriptional start points used by EsigmaB and EsigmaF differ by only one nucleotide.",sigmaB,katX,1
LLL.d8.s2,"The -10 and -35 sequences of the sigmaB- and sigmaF-dependent promoters of katX overlap, and the transcriptional start points used by EsigmaB and EsigmaF differ by only one nucleotide.",sigmaF,katX,1
LLL.d8.s3,"We demonstrated that katX is also a sigmaB-dependent general stress gene, since it is strongly induced by heat, salt and ethanol stress, as well as by energy depletion.",sigmaB,katX,1
LLL.d9.s0,"Taken together, the results support the idea that sequestration of SpoIIE protein into the prespore plays an important role in the control of sigmaF activation and in coupling this activation to septation.",SpoIIE,sigmaF,9
LLL.d9.s1,"sigmaF is controlled by a regulatory cascade involving an anti-sigma factor, SpoIIAB, an anti-anti-sigma factor, SpoIIAA, and a membrane-bound phosphatase, SpoIIE, which converts the inactive, phosphorylated form of SpoIIAA back to the active form.",SpoIIAB,sigmaF,9
LLL.d9.s1,"sigmaF is controlled by a regulatory cascade involving an anti-sigma factor, SpoIIAB, an anti-anti-sigma factor, SpoIIAA, and a membrane-bound phosphatase, SpoIIE, which converts the inactive, phosphorylated form of SpoIIAA back to the active form.",SpoIIAA,sigmaF,9
LLL.d9.s1,"sigmaF is controlled by a regulatory cascade involving an anti-sigma factor, SpoIIAB, an anti-anti-sigma factor, SpoIIAA, and a membrane-bound phosphatase, SpoIIE, which converts the inactive, phosphorylated form of SpoIIAA back to the active form.",SpoIIE,sigmaF,9
LLL.d9.s1,"sigmaF is controlled by a regulatory cascade involving an anti-sigma factor, SpoIIAB, an anti-anti-sigma factor, SpoIIAA, and a membrane-bound phosphatase, SpoIIE, which converts the inactive, phosphorylated form of SpoIIAA back to the active form.",SpoIIE,SpoIIAA,9
LLL.d10.s0,"The rocG gene of Bacillus subtilis, encoding a catabolic glutamate dehydrogenase, is transcribed by SigL-containing RNA polymerase and requires for its expression RocR, a member of the NtrC/NifA family of proteins that bind to enhancer-like elements, called upstream activating sequences (UAS).",SigL,rocG,1
LLL.d10.s0,"The rocG gene of Bacillus subtilis, encoding a catabolic glutamate dehydrogenase, is transcribed by SigL-containing RNA polymerase and requires for its expression RocR, a member of the NtrC/NifA family of proteins that bind to enhancer-like elements, called upstream activating sequences (UAS).",RocR,rocG,1
LLL.d10.s1,"Unlike the case for other sigma(54)-dependent genes, rocG has no UAS; instead, its expression depends on a sequence located 1.5 kilobases downstream of the rocG promoter, beyond the end of the rocG coding region.",sigma(54),rocG,1
LLL.d12.s0,Northern blot and primer extension analyses indicated that yfhS is transcribed by E sigma E during sporulation.,E sigma E,yfhS,2
LLL.d12.s1,"These results suggest that YfhP may act as a negative regulator for the transcription of yfhQ, yfhR, sspE and yfhP.",YfhP,yfhQ,2
LLL.d12.s1,"These results suggest that YfhP may act as a negative regulator for the transcription of yfhQ, yfhR, sspE and yfhP.",YfhP,yfhR,2
LLL.d12.s1,"These results suggest that YfhP may act as a negative regulator for the transcription of yfhQ, yfhR, sspE and yfhP.",YfhP,sspE,2
LLL.d12.s1,"These results suggest that YfhP may act as a negative regulator for the transcription of yfhQ, yfhR, sspE and yfhP.",YfhP,yfhP,2
LLL.d14.s0,"The first stage, which involves the phosphatase function of SpoIIE, depends on the cell division protein FtsZ and could correspond to the FtsZ-dependent assembly of SpoIIE into E-rings.",FtsZ,SpoIIE,5
LLL.d14.s0,"The first stage, which involves the phosphatase function of SpoIIE, depends on the cell division protein FtsZ and could correspond to the FtsZ-dependent assembly of SpoIIE into E-rings.",FtsZ,SpoIIE,5
LLL.d14.s1,Evidence based on the use of modified and mutant forms of the phosphatase protein indicates that SpoIIE blocks the capacity of unphosphorylated SpoIIAA to activate sigmaF until formation of the polar septum is completed.,SpoIIE,SpoIIAA,5
LLL.d14.s1,Evidence based on the use of modified and mutant forms of the phosphatase protein indicates that SpoIIE blocks the capacity of unphosphorylated SpoIIAA to activate sigmaF until formation of the polar septum is completed.,SpoIIAA,sigmaF,5
LLL.d14.s2,Cell-specific activation of transcription factor sigmaF during sporulation in Bacillus subtilis requires the formation of the polar septum and the activity of a serine phosphatase (SpoIIE) located in the septum.,SpoIIE,sigmaF,5
LLL.d14.s3,The SpoIIE phosphatase indirectly activates sigmaF by dephosphorylating a protein (SpoIIAA-P) in the pathway that controls the activity of the transcription factor.,SpoIIE,SpoIIAA-P,5
LLL.d14.s3,The SpoIIE phosphatase indirectly activates sigmaF by dephosphorylating a protein (SpoIIAA-P) in the pathway that controls the activity of the transcription factor.,SpoIIE,sigmaF,5
LLL.d14.s3,The SpoIIE phosphatase indirectly activates sigmaF by dephosphorylating a protein (SpoIIAA-P) in the pathway that controls the activity of the transcription factor.,SpoIIAA-P,sigmaF,5
LLL.d15.s0,Dephosphorylation of SpoIIAA-P by SpoIIE is strictly dependent on the presence of the bivalent metal ions Mn2+ or Mg2+.,SpoIIE,SpoIIAA-P,6
LLL.d16.s0,(i) The finding that the bmrUR operon is under sigmaB control indicates that the elimination of multidrug compounds might be a new function in multiple stress resistance.,sigmaB,bmrUR,7
LLL.d16.s1,"The ydaP gene might belong to the increasing number of sigmaB-dependent genes whose orthologues are under the control of sigmas in Escherichia coli, indicating that both regulons may fulfil similar functions.",sigmaB,ydaP,7
LLL.d16.s2,"Three new sigmaB-dependent genes (ydaE, ydaG and yfkM) encoding proteins with still unknown functions were also described.",sigmaB,ydaE,7
LLL.d16.s2,"Three new sigmaB-dependent genes (ydaE, ydaG and yfkM) encoding proteins with still unknown functions were also described.",sigmaB,ydaG,7
LLL.d16.s2,"Three new sigmaB-dependent genes (ydaE, ydaG and yfkM) encoding proteins with still unknown functions were also described.",sigmaB,yfkM,7
LLL.d17.s0,"Cell specificity is first established in the forespore under the control of the sigma F factor, which is itself activated through the action of the SpoIIE serine phosphatase, an enzyme targeted to the septum between the two cells.",SpoIIE,sigma F,10
LLL.d18.s0,"Most cot genes, and the gerE gene, are transcribed by sigmaK RNA polymerase.",sigmaK,cot,5
LLL.d18.s0,"Most cot genes, and the gerE gene, are transcribed by sigmaK RNA polymerase.",sigmaK,gerE,5
LLL.d18.s1,"Previously, it was shown that the GerE protein inhibits transcription in vitro of the sigK gene encoding sigmaK.",GerE,sigK,5
LLL.d18.s2,These results demonstrate that sigmaK-dependent transcription of gerE initiates a negative feedback loop in which GerE acts as a repressor to limit production of sigmaK.,sigmaK,gerE,5
LLL.d18.s2,These results demonstrate that sigmaK-dependent transcription of gerE initiates a negative feedback loop in which GerE acts as a repressor to limit production of sigmaK.,GerE,sigmaK,5
LLL.d18.s3,"A low level of GerE activated transcription of cotD by sigmaK RNA polymerase in vitro, but a higher level of GerE repressed cotD transcription.",GerE,sigmaK,5
LLL.d18.s3,"A low level of GerE activated transcription of cotD by sigmaK RNA polymerase in vitro, but a higher level of GerE repressed cotD transcription.",GerE,cotD,5
LLL.d18.s3,"A low level of GerE activated transcription of cotD by sigmaK RNA polymerase in vitro, but a higher level of GerE repressed cotD transcription.",sigmaK,cotD,5
LLL.d18.s3,"A low level of GerE activated transcription of cotD by sigmaK RNA polymerase in vitro, but a higher level of GerE repressed cotD transcription.",GerE,cotD,5
LLL.d18.s4,"Here, we show that GerE binds near the sigK transcriptional start site, to act as a repressor.",GerE,sigK,5
LLL.d18.s5,We show that GerE binds to two sites that span the -35 region of the cotD promoter.,GerE,cotD,5
LLL.d18.s6,These results suggest that a rising level of GerE in sporulating cells may first activate cotD transcription from the upstream site then repress transcription as the downstream site becomes occupied.,GerE,cotD,5
LLL.d19.s0,sspG transcription also requires the DNA binding protein GerE.,GerE,sspG,3
LLL.d19.s1,"In contrast, sspJ is transcribed in the forespore compartment by RNA polymerase with the forespore-specific sigmaG and appears to give a monocistronic transcript.",sigmaG,sspJ,3
LLL.d20.s0,"ComK negatively controls the transcription of hag by stimulating the transcription of comF-flgM, thereby increasing the production of the FlgM antisigma factor that inhibits sigmaD activity.",ComK,FlgM,10
LLL.d20.s0,"ComK negatively controls the transcription of hag by stimulating the transcription of comF-flgM, thereby increasing the production of the FlgM antisigma factor that inhibits sigmaD activity.",ComK,hag,10
LLL.d20.s0,"ComK negatively controls the transcription of hag by stimulating the transcription of comF-flgM, thereby increasing the production of the FlgM antisigma factor that inhibits sigmaD activity.",ComK,comF,10
LLL.d20.s0,"ComK negatively controls the transcription of hag by stimulating the transcription of comF-flgM, thereby increasing the production of the FlgM antisigma factor that inhibits sigmaD activity.",ComK,flgM,10
LLL.d20.s0,"ComK negatively controls the transcription of hag by stimulating the transcription of comF-flgM, thereby increasing the production of the FlgM antisigma factor that inhibits sigmaD activity.",FlgM,sigmaD,10
LLL.d21.s0,"This stress-induced increase in ykzA expression is absolutely dependent on the alternative sigma factor sigmaB, which controls a large stationary-phase and stress regulon.",sigmaB,ykzA,6
LLL.d22.s0,"sigma X also contributes to the expression of CsbB, a putative membrane-bound glucosyl transferase that is partially controlled by the sigma B stress response sigma factor.",sigma X,CsbB,2
LLL.d22.s0,"sigma X also contributes to the expression of CsbB, a putative membrane-bound glucosyl transferase that is partially controlled by the sigma B stress response sigma factor.",sigma B,CsbB,2
LLL.d23.s0,"Transcriptional studies showed that nadE is strongly induced in response to heat, ethanol and salt stress or after starvation for glucose in a sigma B-dependent manner.",sigma B,nadE,3
LLL.d24.s0,"Furthermore, YtxH and YvyD seemed to be induced after phosphate starvation in the wild type in a sigma(B)-dependent manner and in the sigB mutant probably via sigma(H).",sigma(B),YtxH,6
LLL.d24.s0,"Furthermore, YtxH and YvyD seemed to be induced after phosphate starvation in the wild type in a sigma(B)-dependent manner and in the sigB mutant probably via sigma(H).",sigma(B),YvyD,6
LLL.d24.s0,"Furthermore, YtxH and YvyD seemed to be induced after phosphate starvation in the wild type in a sigma(B)-dependent manner and in the sigB mutant probably via sigma(H).",sigma(H),YtxH,6
LLL.d24.s0,"Furthermore, YtxH and YvyD seemed to be induced after phosphate starvation in the wild type in a sigma(B)-dependent manner and in the sigB mutant probably via sigma(H).",sigma(H),YvyD,6
LLL.d25.s0,"The expression of the bkd operon was induced by the presence of isoleucine or valine in the growth medium and depended upon the presence of the sigma factor SigL, a member of the sigma 54 family.",SigL,bkd,2
LLL.d26.s0,"From these results we conclude that ComK negatively regulates degR expression by preventing sigmaD-driven transcription of degR, possibly through interaction with the control region.",ComK,sigmaD,8
LLL.d26.s0,"From these results we conclude that ComK negatively regulates degR expression by preventing sigmaD-driven transcription of degR, possibly through interaction with the control region.",ComK,degR,8
LLL.d26.s0,"From these results we conclude that ComK negatively regulates degR expression by preventing sigmaD-driven transcription of degR, possibly through interaction with the control region.",ComK,degR,8
LLL.d26.s0,"From these results we conclude that ComK negatively regulates degR expression by preventing sigmaD-driven transcription of degR, possibly through interaction with the control region.",sigmaD,degR,8
LLL.d26.s1,"We have shown previously that the transcription of degR is driven by an alternative sigma factor, sigmaD.",sigmaD,degR,8
LLL.d27.s0,"DNase I footprinting showed that SpoIIID binds strongly to two sites in the cotC promoter region, binds weakly to one site in the cotX promoter, and does not bind specifically to cotB.",SpoIIID,cotC,8
LLL.d27.s0,"DNase I footprinting showed that SpoIIID binds strongly to two sites in the cotC promoter region, binds weakly to one site in the cotX promoter, and does not bind specifically to cotB.",SpoIIID,cotX,8
LLL.d27.s0,"DNase I footprinting showed that SpoIIID binds strongly to two sites in the cotC promoter region, binds weakly to one site in the cotX promoter, and does not bind specifically to cotB.",SpoIIID,cotB,8
LLL.d27.s1,"Transcription of the cotB, cotC, and cotX genes by final sigma(K) RNA polymerase is activated by a small, DNA-binding protein called GerE.",sigma(K),cotB,8
LLL.d27.s1,"Transcription of the cotB, cotC, and cotX genes by final sigma(K) RNA polymerase is activated by a small, DNA-binding protein called GerE.",sigma(K),cotC,8
LLL.d27.s1,"Transcription of the cotB, cotC, and cotX genes by final sigma(K) RNA polymerase is activated by a small, DNA-binding protein called GerE.",sigma(K),cotX,8
LLL.d27.s1,"Transcription of the cotB, cotC, and cotX genes by final sigma(K) RNA polymerase is activated by a small, DNA-binding protein called GerE.",GerE,cotB,8
LLL.d27.s1,"Transcription of the cotB, cotC, and cotX genes by final sigma(K) RNA polymerase is activated by a small, DNA-binding protein called GerE.",GerE,cotC,8
LLL.d27.s1,"Transcription of the cotB, cotC, and cotX genes by final sigma(K) RNA polymerase is activated by a small, DNA-binding protein called GerE.",GerE,cotX,8
LLL.d27.s2,"In vitro transcription experiments suggest that the differential pattern of cot gene expression results from the combined action of GerE and another transcription factor, SpoIIID.",GerE,cot,8
LLL.d27.s2,"In vitro transcription experiments suggest that the differential pattern of cot gene expression results from the combined action of GerE and another transcription factor, SpoIIID.",SpoIIID,cot,8
LLL.d27.s3,"A low concentration of GerE activated cotB transcription by final sigma(K) RNA polymerase, whereas a higher concentration was needed to activate transcription of cotX or cotC.",GerE,sigma(K),8
LLL.d27.s3,"A low concentration of GerE activated cotB transcription by final sigma(K) RNA polymerase, whereas a higher concentration was needed to activate transcription of cotX or cotC.",GerE,cotB,8
LLL.d27.s3,"A low concentration of GerE activated cotB transcription by final sigma(K) RNA polymerase, whereas a higher concentration was needed to activate transcription of cotX or cotC.",GerE,cotX,8
LLL.d27.s3,"A low concentration of GerE activated cotB transcription by final sigma(K) RNA polymerase, whereas a higher concentration was needed to activate transcription of cotX or cotC.",GerE,cotC,8
LLL.d27.s3,"A low concentration of GerE activated cotB transcription by final sigma(K) RNA polymerase, whereas a higher concentration was needed to activate transcription of cotX or cotC.",sigma(K),cotB,8
LLL.d27.s4,"SpoIIID at low concentration repressed cotC transcription, whereas a higher concentration only partially repressed cotX transcription and had little effect on cotB transcription.",SpoIIID,cotC,8
LLL.d27.s4,"SpoIIID at low concentration repressed cotC transcription, whereas a higher concentration only partially repressed cotX transcription and had little effect on cotB transcription.",SpoIIID,cotX,8
LLL.d27.s4,"SpoIIID at low concentration repressed cotC transcription, whereas a higher concentration only partially repressed cotX transcription and had little effect on cotB transcription.",SpoIIID,cotB,8
LLL.d29.s0,"A sigmaW-dependent promoter (PW) precedes sigW, demonstrating that this transcription factor is positively autoregulated.",sigmaW,sigW,5
LLL.d31.s0,The results indicate that PhoP~P is sufficient to repress the transcription of the tagA and tagD promoters and also to activate the transcription of the tuaA promoter.,PhoP~P,tagA,3
LLL.d31.s0,The results indicate that PhoP~P is sufficient to repress the transcription of the tagA and tagD promoters and also to activate the transcription of the tuaA promoter.,PhoP~P,tagD,3
LLL.d31.s0,The results indicate that PhoP~P is sufficient to repress the transcription of the tagA and tagD promoters and also to activate the transcription of the tuaA promoter.,PhoP~P,tuaA,3
LLL.d32.s0,"Transcriptional studies demonstrated that the expression from the araE promoter is induced by L-arabinose, repressed by glucose, and negatively regulated by AraR.",AraR,araE,2
LLL.d33.s0,"During endospore formation in Bacillus subtilis, the DNA binding protein GerE stimulates transcription from several promoters that are used by RNA polymerase containing sigmaK",GerE,sigmaK,3
LLL.d33.s1,"GerE binds to a site on one of these promoters, cotX, that overlaps its -35 region.",GerE,cotX,3
LLL.d36.s0,"The sigmaB-dependent promoter drives expression of yvyD under stress conditions and after glucose starvation, whereas a sigmaH-dependent promoter is responsible for yvyD transcription following amino acid limitation.",sigmaB,yvyD,5
LLL.d36.s0,"The sigmaB-dependent promoter drives expression of yvyD under stress conditions and after glucose starvation, whereas a sigmaH-dependent promoter is responsible for yvyD transcription following amino acid limitation.",sigmaH,yvyD,5
LLL.d36.s1,"This indicates that the yvyD gene product, being a member of both the sigmaB and sigmaH regulons, might negatively regulate the activity of the sigmaL regulon.",sigmaB,yvyD,5
LLL.d36.s1,"This indicates that the yvyD gene product, being a member of both the sigmaB and sigmaH regulons, might negatively regulate the activity of the sigmaL regulon.",sigmaH,yvyD,5
LLL.d36.s1,"This indicates that the yvyD gene product, being a member of both the sigmaB and sigmaH regulons, might negatively regulate the activity of the sigmaL regulon.",yvyD,sigmaL,5
LLL.d36.s2,"In addition to the typical sigmaB-dependent, stress- and starvation-inducible pattern, yvyD is also induced in response to amino acid depletion.",sigmaB,yvyD,5
LLL.d39.s0,"The addition of ClpX to in vitro transcription reactions resulted in the stimulation of RNAP holoenzyme activity, but sigmaH-RNAP was observed to be more sensitive to ClpX-dependent stimulation than sigmaA-RNAP.",ClpX,sigmaH,8
LLL.d39.s0,"The addition of ClpX to in vitro transcription reactions resulted in the stimulation of RNAP holoenzyme activity, but sigmaH-RNAP was observed to be more sensitive to ClpX-dependent stimulation than sigmaA-RNAP.",ClpX,sigmaA,8
LLL.d39.s0,"The addition of ClpX to in vitro transcription reactions resulted in the stimulation of RNAP holoenzyme activity, but sigmaH-RNAP was observed to be more sensitive to ClpX-dependent stimulation than sigmaA-RNAP.",ClpX,sigmaH,8
LLL.d39.s0,"The addition of ClpX to in vitro transcription reactions resulted in the stimulation of RNAP holoenzyme activity, but sigmaH-RNAP was observed to be more sensitive to ClpX-dependent stimulation than sigmaA-RNAP.",ClpX,sigmaA,8
LLL.d40.s0,"Although spo0H is transcriptionally regulated by the key regulatory device that controls sporulation initiation, the Spo0 phosphorelay, there is considerable evidence implicating a mechanism of post-translational control that governs the activity and concentration of sigmaH.",Spo0,spo0H,2
LLL.d41.s0,"The class includes AsiA form bacteriophage T4, which inhibits Escherichia coli sigma 70; FlgM, present in both gram-positive and gram-negative bacteria, which inhibits the flagella sigma factor sigma 28; SpoIIAB, which inhibits the sporulation-specific sigma factor, sigma F and sigma G, of Bacillus subtilis; RbsW of B. subtilis, which inhibits stress response sigma factor sigma B; and DnaK, a general regulator of the heat shock response, which in bacteria inhibits the heat shock sigma factor sigma 32.",SpoIIAB,sigma F,9
LLL.d41.s0,"The class includes AsiA form bacteriophage T4, which inhibits Escherichia coli sigma 70; FlgM, present in both gram-positive and gram-negative bacteria, which inhibits the flagella sigma factor sigma 28; SpoIIAB, which inhibits the sporulation-specific sigma factor, sigma F and sigma G, of Bacillus subtilis; RbsW of B. subtilis, which inhibits stress response sigma factor sigma B; and DnaK, a general regulator of the heat shock response, which in bacteria inhibits the heat shock sigma factor sigma 32.",SpoIIAB,sigma G,9
LLL.d41.s0,"The class includes AsiA form bacteriophage T4, which inhibits Escherichia coli sigma 70; FlgM, present in both gram-positive and gram-negative bacteria, which inhibits the flagella sigma factor sigma 28; SpoIIAB, which inhibits the sporulation-specific sigma factor, sigma F and sigma G, of Bacillus subtilis; RbsW of B. subtilis, which inhibits stress response sigma factor sigma B; and DnaK, a general regulator of the heat shock response, which in bacteria inhibits the heat shock sigma factor sigma 32.",FlgM,sigma 28,9
LLL.d41.s0,"The class includes AsiA form bacteriophage T4, which inhibits Escherichia coli sigma 70; FlgM, present in both gram-positive and gram-negative bacteria, which inhibits the flagella sigma factor sigma 28; SpoIIAB, which inhibits the sporulation-specific sigma factor, sigma F and sigma G, of Bacillus subtilis; RbsW of B. subtilis, which inhibits stress response sigma factor sigma B; and DnaK, a general regulator of the heat shock response, which in bacteria inhibits the heat shock sigma factor sigma 32.",RbsW,sigma B,9
LLL.d41.s0,"The class includes AsiA form bacteriophage T4, which inhibits Escherichia coli sigma 70; FlgM, present in both gram-positive and gram-negative bacteria, which inhibits the flagella sigma factor sigma 28; SpoIIAB, which inhibits the sporulation-specific sigma factor, sigma F and sigma G, of Bacillus subtilis; RbsW of B. subtilis, which inhibits stress response sigma factor sigma B; and DnaK, a general regulator of the heat shock response, which in bacteria inhibits the heat shock sigma factor sigma 32.",DnaK,sigma 32,9
LLL.d42.s0,"Finally, we show that proper localization of SpoIVA required the expression of one or more genes which, like spoIVA, are under the control of the mother cell transcription factor sigmaE.",sigmaE,spoIVA,3
LLL.d44.s0,"The sigma W regulon includes a penicillin binding protein (PBP4*) and a co-transcribed amino acid racemase (RacX), homologues of signal peptide peptidase (YteI), flotillin (YuaG), ABC transporters (YknXYZ), non-haem bromoperoxidase (YdjP), epoxide hydrolase (YfhM) and three small peptides with structural similarities to bacteriocin precursor polypeptides.",sigma W,PBP4*,4
LLL.d44.s0,"The sigma W regulon includes a penicillin binding protein (PBP4*) and a co-transcribed amino acid racemase (RacX), homologues of signal peptide peptidase (YteI), flotillin (YuaG), ABC transporters (YknXYZ), non-haem bromoperoxidase (YdjP), epoxide hydrolase (YfhM) and three small peptides with structural similarities to bacteriocin precursor polypeptides.",sigma W,RacX,4
LLL.d44.s0,"The sigma W regulon includes a penicillin binding protein (PBP4*) and a co-transcribed amino acid racemase (RacX), homologues of signal peptide peptidase (YteI), flotillin (YuaG), ABC transporters (YknXYZ), non-haem bromoperoxidase (YdjP), epoxide hydrolase (YfhM) and three small peptides with structural similarities to bacteriocin precursor polypeptides.",sigma W,YteI,4
LLL.d44.s0,"The sigma W regulon includes a penicillin binding protein (PBP4*) and a co-transcribed amino acid racemase (RacX), homologues of signal peptide peptidase (YteI), flotillin (YuaG), ABC transporters (YknXYZ), non-haem bromoperoxidase (YdjP), epoxide hydrolase (YfhM) and three small peptides with structural similarities to bacteriocin precursor polypeptides.",sigma W,YuaG,4
LLL.d44.s0,"The sigma W regulon includes a penicillin binding protein (PBP4*) and a co-transcribed amino acid racemase (RacX), homologues of signal peptide peptidase (YteI), flotillin (YuaG), ABC transporters (YknXYZ), non-haem bromoperoxidase (YdjP), epoxide hydrolase (YfhM) and three small peptides with structural similarities to bacteriocin precursor polypeptides.",sigma W,YknXYZ,4
LLL.d44.s0,"The sigma W regulon includes a penicillin binding protein (PBP4*) and a co-transcribed amino acid racemase (RacX), homologues of signal peptide peptidase (YteI), flotillin (YuaG), ABC transporters (YknXYZ), non-haem bromoperoxidase (YdjP), epoxide hydrolase (YfhM) and three small peptides with structural similarities to bacteriocin precursor polypeptides.",sigma W,YdjP,4
LLL.d44.s0,"The sigma W regulon includes a penicillin binding protein (PBP4*) and a co-transcribed amino acid racemase (RacX), homologues of signal peptide peptidase (YteI), flotillin (YuaG), ABC transporters (YknXYZ), non-haem bromoperoxidase (YdjP), epoxide hydrolase (YfhM) and three small peptides with structural similarities to bacteriocin precursor polypeptides.",sigma W,YfhM,4
LLL.d11.s0,"In addition to controlling transcription of phrC, sigmaH appears to control expression of at least one other gene required for production of CSF.",sigmaH,phrC,1
LLL.d13.s0,"Production of sigmaK about 1 h earlier than normal does affect Spo0A, which when phosphorylated is an activator of sigE transcription.",sigmaK,Spo0A,7
LLL.d13.s0,"Production of sigmaK about 1 h earlier than normal does affect Spo0A, which when phosphorylated is an activator of sigE transcription.",Spo0A,sigE,7
LLL.d13.s1,"The ald promoter, like the sigE promoter, is believed to be recognized by sigmaA RNA polymerase, suggesting that sigmaK may inhibit sigmaA activity late in sporulation.",sigmaA,ald,7
LLL.d13.s1,"The ald promoter, like the sigE promoter, is believed to be recognized by sigmaA RNA polymerase, suggesting that sigmaK may inhibit sigmaA activity late in sporulation.",sigmaA,sigE,7
LLL.d13.s1,"The ald promoter, like the sigE promoter, is believed to be recognized by sigmaA RNA polymerase, suggesting that sigmaK may inhibit sigmaA activity late in sporulation.",sigmaK,sigmaA,7
LLL.d13.s2,"In the mother cell compartment of sporulating cells, expression of the sigE gene, encoding the earlier-acting sigma factor, sigmaE, is negatively regulated by the later-acting sigma factor, sigmaK.",sigmaK,sigE,7
LLL.d28.s0,Primer extension experiments and Northern blot analysis show that an active sigmaA-dependent promoter precedes kdgR and transcription is terminated at the putative p-independent terminator downstream of kdgT.,sigmaA,kdgR,4
LLL.d30.s0,"We overproduced and purified sigma(X) from Escherichia coli and demonstrate that in vitro, both sigma(A) and sigma(X) holoenzymes recognize promoter elements within the sigX-ypuN control region.",sigma(A),sigX,1
LLL.d30.s0,"We overproduced and purified sigma(X) from Escherichia coli and demonstrate that in vitro, both sigma(A) and sigma(X) holoenzymes recognize promoter elements within the sigX-ypuN control region.",sigma(A),ypuN,1
LLL.d30.s0,"We overproduced and purified sigma(X) from Escherichia coli and demonstrate that in vitro, both sigma(A) and sigma(X) holoenzymes recognize promoter elements within the sigX-ypuN control region.",sigma(X),sigX,1
LLL.d30.s0,"We overproduced and purified sigma(X) from Escherichia coli and demonstrate that in vitro, both sigma(A) and sigma(X) holoenzymes recognize promoter elements within the sigX-ypuN control region.",sigma(X),ypuN,1
LLL.d34.s0,"However, the mutant was unable to stimulate transcription by final sigma(A)-RNA polymerase from the Spo0A-dependent spoIIG operon promoter.",Spo0A,sigma(A),9
LLL.d34.s0,"However, the mutant was unable to stimulate transcription by final sigma(A)-RNA polymerase from the Spo0A-dependent spoIIG operon promoter.",Spo0A,spoIIG,9
LLL.d34.s0,"However, the mutant was unable to stimulate transcription by final sigma(A)-RNA polymerase from the Spo0A-dependent spoIIG operon promoter.",sigma(A),spoIIG,9
LLL.d35.s0,The Bacillus subtilis clpC operon is regulated by two stress induction pathways relying on either sigmaB or a class III stress induction mechanism acting at a sigmaA-like promoter.,sigmaB,clpC,10
LLL.d35.s0,The Bacillus subtilis clpC operon is regulated by two stress induction pathways relying on either sigmaB or a class III stress induction mechanism acting at a sigmaA-like promoter.,sigmaA,clpC,10
LLL.d35.s1,"Our data demonstrate that the CtsR protein acts as a global repressor of the clpC operon, as well as other class III heat shock genes, by preventing unstressed transcription from either the sigmaB- or sigmaA-dependent promoter and might be inactivated or dissociate under inducing stress conditions.",CtsR,clpC,10
LLL.d35.s1,"Our data demonstrate that the CtsR protein acts as a global repressor of the clpC operon, as well as other class III heat shock genes, by preventing unstressed transcription from either the sigmaB- or sigmaA-dependent promoter and might be inactivated or dissociate under inducing stress conditions.",sigmaB,clpC,10
LLL.d35.s1,"Our data demonstrate that the CtsR protein acts as a global repressor of the clpC operon, as well as other class III heat shock genes, by preventing unstressed transcription from either the sigmaB- or sigmaA-dependent promoter and might be inactivated or dissociate under inducing stress conditions.",sigmaA,clpC,10
LLL.d37.s0,"Therefore, ftsY is solely expressed during sporulation from a sigma(K)- and GerE-controlled promoter that is located immediately upstream of ftsY inside the smc gene.",sigma(K),ftsY,5
LLL.d37.s0,"Therefore, ftsY is solely expressed during sporulation from a sigma(K)- and GerE-controlled promoter that is located immediately upstream of ftsY inside the smc gene.",GerE,ftsY,5
LLL.d38.s0,In that respect sigB is similar to the previously described gene gsiB which is also a member of the sigmaB regulon.,sigmaB,gsiB,1
LLL.d38.s0,In that respect sigB is similar to the previously described gene gsiB which is also a member of the sigmaB regulon.,sigmaB,sigB,1
LLL.d43.s0,"The sspH and sspL genes are recognized primarily by the forespore-specific sigma factor for RNA polymerase, sigmaG; the sspN-tlp operon is recognized equally well by sigmaG and the other forespore-specific sigma factor, sigmaF.",sigmaG,sspH,4
LLL.d43.s0,"The sspH and sspL genes are recognized primarily by the forespore-specific sigma factor for RNA polymerase, sigmaG; the sspN-tlp operon is recognized equally well by sigmaG and the other forespore-specific sigma factor, sigmaF.",sigmaG,sspL,4
LLL.d43.s0,"The sspH and sspL genes are recognized primarily by the forespore-specific sigma factor for RNA polymerase, sigmaG; the sspN-tlp operon is recognized equally well by sigmaG and the other forespore-specific sigma factor, sigmaF.",sigmaG,sspN,4
LLL.d43.s0,"The sspH and sspL genes are recognized primarily by the forespore-specific sigma factor for RNA polymerase, sigmaG; the sspN-tlp operon is recognized equally well by sigmaG and the other forespore-specific sigma factor, sigmaF.",sigmaG,tlp,4
LLL.d43.s0,"The sspH and sspL genes are recognized primarily by the forespore-specific sigma factor for RNA polymerase, sigmaG; the sspN-tlp operon is recognized equally well by sigmaG and the other forespore-specific sigma factor, sigmaF.",sigmaF,sspN,4
LLL.d43.s0,"The sspH and sspL genes are recognized primarily by the forespore-specific sigma factor for RNA polymerase, sigmaG; the sspN-tlp operon is recognized equally well by sigmaG and the other forespore-specific sigma factor, sigmaF.",sigmaF,tlp,4
