,Fold,Sentence_ID,Sentence,E1,E2,isValid
0,6,HPRD50.d0.s0,Cloning and characterization of two evolutionarily conserved subunits (TFIIIC102 and TFIIIC63) of human TFIIIC and their involvement in functional interactions with TFIIIB and RNA polymerase III,TFIIIC102,TFIIIC63,False
0,6,HPRD50.d0.s0,Cloning and characterization of two evolutionarily conserved subunits (TFIIIC102 and TFIIIC63) of human TFIIIC and their involvement in functional interactions with TFIIIB and RNA polymerase III,TFIIIC102,TFIIIC,False
0,6,HPRD50.d0.s0,Cloning and characterization of two evolutionarily conserved subunits (TFIIIC102 and TFIIIC63) of human TFIIIC and their involvement in functional interactions with TFIIIB and RNA polymerase III,TFIIIC63,TFIIIC,False
0,7,HPRD50.d1.s0,"Identification of residues in the monocyte chemotactic protein-1 that contact the MCP-1 receptor, CCR2",monocyte chemotactic protein-1,CCR2,True
0,7,HPRD50.d1.s1,"The receptor binding site of MCP-1 also is significantly different from the binding sites of RANTES and IL-8, providing insight into the issue of receptor specificity",MCP-1,RANTES,False
0,7,HPRD50.d1.s1,"The receptor binding site of MCP-1 also is significantly different from the binding sites of RANTES and IL-8, providing insight into the issue of receptor specificity",MCP-1,IL-8,False
0,7,HPRD50.d1.s1,"The receptor binding site of MCP-1 also is significantly different from the binding sites of RANTES and IL-8, providing insight into the issue of receptor specificity",RANTES,IL-8,False
0,7,HPRD50.d1.s2,It was previously shown that the N-terminus of CCR2 is critical for binding MCP-1,CCR2,MCP-1,True
0,7,HPRD50.d1.s3,"To identify the regions of MCP-1 that contact its receptor, CCR2, we substituted all surface-exposed residues with alanine",MCP-1,CCR2,True
0,9,HPRD50.d2.s0,We tested this point by cotransfecting CHO cells with the genes encoding F beta alpha and the CG beta subunit or the CG beta alpha and FSH beta monomer,CG beta,CG beta alpha,False
0,9,HPRD50.d2.s0,We tested this point by cotransfecting CHO cells with the genes encoding F beta alpha and the CG beta subunit or the CG beta alpha and FSH beta monomer,CG beta,FSH beta,False
0,9,HPRD50.d2.s0,We tested this point by cotransfecting CHO cells with the genes encoding F beta alpha and the CG beta subunit or the CG beta alpha and FSH beta monomer,CG beta alpha,FSH beta,False
0,9,HPRD50.d2.s1,The formation of a functional single chain/subunit complex was not restricted to the FSH single chain/CG beta subunit since CG single chain interacts with the monomeric FSH beta subunit and exhibits FSH activity,CG beta,FSH beta,False
0,9,HPRD50.d2.s2,"This is relevant for the case of LH and FSH, because both are synthesized in the same cell (i.e., pituitary gonadotrophs) and several of the alpha subunit sequences required for association with either the LH beta or FSH beta subunits are different",LH beta,FSH beta,False
0,9,HPRD50.d2.s3,"Previously, we showed that the CG beta or FSH beta subunit genes can be genetically fused to the alpha gene to produce biologically active single chains, CG beta alpha and F beta alpha, respectively",CG beta,FSH beta,False
0,9,HPRD50.d2.s3,"Previously, we showed that the CG beta or FSH beta subunit genes can be genetically fused to the alpha gene to produce biologically active single chains, CG beta alpha and F beta alpha, respectively",CG beta,CG beta alpha,False
0,9,HPRD50.d2.s3,"Previously, we showed that the CG beta or FSH beta subunit genes can be genetically fused to the alpha gene to produce biologically active single chains, CG beta alpha and F beta alpha, respectively",FSH beta,CG beta alpha,False
0,7,HPRD50.d3.s0,"Interleukin-6 activates phosphatidylinositol-3 kinase, which inhibits apoptosis in human prostate cancer cell lines",Interleukin-6,phosphatidylinositol-3 kinase,True
0,7,HPRD50.d3.s1,RESULTS: Tyrosine phosphorylation of p85 is upregulated by IL-6 in both LNCaP and PC-3,IL-6,PC-3,False
0,7,HPRD50.d3.s2,"IL-6 promotes coprecipitation of p85 with gp130, the signal-transducing component of the IL-6 receptor",IL-6,gp130,True
0,7,HPRD50.d3.s2,"IL-6 promotes coprecipitation of p85 with gp130, the signal-transducing component of the IL-6 receptor",IL-6,IL-6 receptor,False
0,7,HPRD50.d3.s2,"IL-6 promotes coprecipitation of p85 with gp130, the signal-transducing component of the IL-6 receptor",gp130,IL-6 receptor,False
0,5,HPRD50.d4.s0,"In solution, FGFR4ed formed complexes with acidic FGF (FGF-1) and basic FGF (FGF-2), both in the presence and absence of heparin",acidic FGF (FGF-1),basic FGF (FGF-2),False
0,5,HPRD50.d4.s1,Immobilized FGFR4 also bound FGF-8 besides FGF-1 and FGF-2,FGFR4,FGF-8,True
0,5,HPRD50.d4.s1,Immobilized FGFR4 also bound FGF-8 besides FGF-1 and FGF-2,FGFR4,FGF-1,True
0,5,HPRD50.d4.s1,Immobilized FGFR4 also bound FGF-8 besides FGF-1 and FGF-2,FGFR4,FGF-2,True
0,5,HPRD50.d4.s1,Immobilized FGFR4 also bound FGF-8 besides FGF-1 and FGF-2,FGF-8,FGF-1,False
0,5,HPRD50.d4.s1,Immobilized FGFR4 also bound FGF-8 besides FGF-1 and FGF-2,FGF-8,FGF-2,False
0,5,HPRD50.d4.s1,Immobilized FGFR4 also bound FGF-8 besides FGF-1 and FGF-2,FGF-1,FGF-2,False
0,3,HPRD50.d5.s0,Cytohesin-1 regulates beta-2 integrin-mediated adhesion through both ARF-GEF function and interaction with LFA-1,Cytohesin-1,LFA-1,True
0,3,HPRD50.d5.s1,"Here we provide evidence of how cytohesin-1, an integrin-binding protein and guanine-nucleotide exchange factor (GEF) for ARF GTPases, regulates cell adhesion",cytohesin-1,ARF,True
0,3,HPRD50.d5.s2,"Mutational analyses of the beta-2 cytoplasmic domain revealed that the adhesive function of LFA-1 depends on its interaction with cytohesin-1, unless the integrin is activated by exogenous divalent cations",LFA-1,cytohesin-1,True
0,3,HPRD50.d5.s3,"Secondly, cytohesin-1 induces expression of an extracellular activation epitope of LFA-1, and the exchange factor function is not essential for this activity",cytohesin-1,LFA-1,True
0,3,HPRD50.d5.s4,"In contrast, LFA-1-mediated cell adhesion and spreading on intercellular cell adhesion molecule 1 is strongly inhibited by a cytohesin-1 mutant, which fails to catalyze ARF GDP-GTP exchange in vitro",cytohesin-1,ARF,True
0,3,HPRD50.d5.s5,"Thus, cytohesin-1 is involved in the activation of LFA-1, most probably through direct interaction with the integrin, and induces cell spreading by its ARF-GEF activity",cytohesin-1,LFA-1,True
0,1,HPRD50.d7.s0,Suppression of rat thromboxane synthase gene transcription by peroxisome proliferator-activated receptor gamma in macrophages via an interaction with NRF2,peroxisome proliferator-activated receptor gamma,NRF2,True
0,1,HPRD50.d7.s1,"Deletion analysis showed that the element responsible for the PPARgamma effect is located in a region containing the nuclear factor E2 (NF-E2)/AP-1 site (-98/-88), which was indicated to be the major promoter of the TXS gene",NF-E2,AP-1,False
0,1,HPRD50.d7.s2,"By electrophoretic mobility shift assay using the NF-E2/AP-1 site and nuclear extracts from macrophages, we observed a specific protein-DNA complex formation, which was inhibited by a specific antibody against the transcription factor NRF2 (NF-E2-related factor 2)",NF-E2,AP-1,False
0,1,HPRD50.d7.s2,"By electrophoretic mobility shift assay using the NF-E2/AP-1 site and nuclear extracts from macrophages, we observed a specific protein-DNA complex formation, which was inhibited by a specific antibody against the transcription factor NRF2 (NF-E2-related factor 2)",NF-E2,NRF2,False
0,1,HPRD50.d7.s2,"By electrophoretic mobility shift assay using the NF-E2/AP-1 site and nuclear extracts from macrophages, we observed a specific protein-DNA complex formation, which was inhibited by a specific antibody against the transcription factor NRF2 (NF-E2-related factor 2)",NF-E2,NF-E2-related factor 2,False
0,1,HPRD50.d7.s2,"By electrophoretic mobility shift assay using the NF-E2/AP-1 site and nuclear extracts from macrophages, we observed a specific protein-DNA complex formation, which was inhibited by a specific antibody against the transcription factor NRF2 (NF-E2-related factor 2)",AP-1,NRF2,False
0,1,HPRD50.d7.s2,"By electrophoretic mobility shift assay using the NF-E2/AP-1 site and nuclear extracts from macrophages, we observed a specific protein-DNA complex formation, which was inhibited by a specific antibody against the transcription factor NRF2 (NF-E2-related factor 2)",AP-1,NF-E2-related factor 2,False
0,1,HPRD50.d7.s2,"By electrophoretic mobility shift assay using the NF-E2/AP-1 site and nuclear extracts from macrophages, we observed a specific protein-DNA complex formation, which was inhibited by a specific antibody against the transcription factor NRF2 (NF-E2-related factor 2)",NRF2,NF-E2-related factor 2,False
0,1,HPRD50.d7.s3,"Finally, a direct interaction between PPARgamma and NRF2 was confirmed by glutathione S-transferase pull-down assay",NRF2,glutathione S-transferase,False
0,3,HPRD50.d8.s0,"By constructing deletion mutants, we identified that amino acid residues 229-309 of Akt were involved in the binding to Hsp90 and amino acid residues 327-340 of Hsp90beta were involved in the binding to Akt",Hsp90,Hsp90beta,False
0,1,HPRD50.d9.s0,"Here, we cloned and characterized a mouse orthologue of human KIAA1427 protein as an atypical Syt (named Syt XIII)",KIAA1427,Syt,False
0,1,HPRD50.d9.s0,"Here, we cloned and characterized a mouse orthologue of human KIAA1427 protein as an atypical Syt (named Syt XIII)",KIAA1427,Syt XIII,False
0,1,HPRD50.d9.s0,"Here, we cloned and characterized a mouse orthologue of human KIAA1427 protein as an atypical Syt (named Syt XIII)",Syt,Syt XIII,False
0,1,HPRD50.d9.s1,"Subcellular fractionation and antibody-uptake experiments indicate that Syt XIII is indeed a type-I membrane protein, but, unlike other Syt isoforms, lacks an N-terminal extracellular domain",Syt XIII,Syt,False
0,1,HPRD50.d11.s0,Direct interaction between the cytoplasmic tail of ADAM 12 and the Src homology 3 domain of p85alpha activates phosphatidylinositol 3-kinase in C2C12 cells,ADAM 12,p85alpha,True
0,1,HPRD50.d11.s0,Direct interaction between the cytoplasmic tail of ADAM 12 and the Src homology 3 domain of p85alpha activates phosphatidylinositol 3-kinase in C2C12 cells,ADAM 12,phosphatidylinositol 3-kinase,True
0,1,HPRD50.d11.s0,Direct interaction between the cytoplasmic tail of ADAM 12 and the Src homology 3 domain of p85alpha activates phosphatidylinositol 3-kinase in C2C12 cells,p85alpha,phosphatidylinositol 3-kinase,True
0,1,HPRD50.d11.s1,"This suggests that transmembrane ADAM 12, by providing docking sites for the Src homology 3 domain of p85alpha, activates PI 3-kinase by mediating its recruitment to the membrane",ADAM 12,p85alpha,True
0,2,HPRD50.d12.s0,AP180 binds to the C-terminal SH2 domain of phospholipase C-gamma1 and inhibits its enzymatic activity,AP180,phospholipase C-gamma1,True
0,2,HPRD50.d12.s1,"In this report, we demonstrate the stable association of PLCgamma1 with AP180 in a clathrin-coated vesicle complex, which not only binds to the carboxyl-terminal SH2 domain of PLCgamma1, but also inhibits its enzymatic activity in a dose-dependent manner",PLCgamma1,AP180,True
0,2,HPRD50.d12.s1,"In this report, we demonstrate the stable association of PLCgamma1 with AP180 in a clathrin-coated vesicle complex, which not only binds to the carboxyl-terminal SH2 domain of PLCgamma1, but also inhibits its enzymatic activity in a dose-dependent manner",PLCgamma1,PLCgamma1,False
0,2,HPRD50.d12.s1,"In this report, we demonstrate the stable association of PLCgamma1 with AP180 in a clathrin-coated vesicle complex, which not only binds to the carboxyl-terminal SH2 domain of PLCgamma1, but also inhibits its enzymatic activity in a dose-dependent manner",AP180,PLCgamma1,True
0,4,HPRD50.d13.s0,Here we demonstrate colocalization and direct interaction between CLIP-170 and LIS1,CLIP-170,LIS1,True
0,4,HPRD50.d13.s1,"Overexpression of CLIP-170 results in a zinc finger-dependent localization of a phospho-LIS1 isoform and dynactin to MT bundles, raising the possibility that CLIP-170 and LIS1 regulate dynein/dynactin binding to MTs",CLIP-170,phospho-LIS1,True
0,4,HPRD50.d13.s1,"Overexpression of CLIP-170 results in a zinc finger-dependent localization of a phospho-LIS1 isoform and dynactin to MT bundles, raising the possibility that CLIP-170 and LIS1 regulate dynein/dynactin binding to MTs",CLIP-170,CLIP-170,False
0,4,HPRD50.d13.s1,"Overexpression of CLIP-170 results in a zinc finger-dependent localization of a phospho-LIS1 isoform and dynactin to MT bundles, raising the possibility that CLIP-170 and LIS1 regulate dynein/dynactin binding to MTs",CLIP-170,LIS1,False
0,4,HPRD50.d13.s1,"Overexpression of CLIP-170 results in a zinc finger-dependent localization of a phospho-LIS1 isoform and dynactin to MT bundles, raising the possibility that CLIP-170 and LIS1 regulate dynein/dynactin binding to MTs",phospho-LIS1,CLIP-170,False
0,4,HPRD50.d13.s1,"Overexpression of CLIP-170 results in a zinc finger-dependent localization of a phospho-LIS1 isoform and dynactin to MT bundles, raising the possibility that CLIP-170 and LIS1 regulate dynein/dynactin binding to MTs",phospho-LIS1,LIS1,False
0,4,HPRD50.d13.s1,"Overexpression of CLIP-170 results in a zinc finger-dependent localization of a phospho-LIS1 isoform and dynactin to MT bundles, raising the possibility that CLIP-170 and LIS1 regulate dynein/dynactin binding to MTs",CLIP-170,LIS1,False
0,4,HPRD50.d13.s2,"This work suggests that LIS1 is a regulated adapter between CLIP-170 and cytoplasmic dynein at sites involved in cargo-MT loading, and/or in the control of MT dynamics",LIS1,CLIP-170,True
0,3,HPRD50.d14.s0,Megalin and cubilin: multifunctional endocytic receptors,Megalin,cubilin,False
0,3,HPRD50.d14.s1,Megalin and cubilin are two structurally different endocytic receptors that interact to serve such functions,Megalin,cubilin,True
0,6,HPRD50.d16.s0,GADD45b and GADD45g are cdc2/cyclinB1 kinase inhibitors with a role in S and G2/M cell cycle checkpoints induced by genotoxic stress,GADD45b,GADD45g,False
0,6,HPRD50.d16.s0,GADD45b and GADD45g are cdc2/cyclinB1 kinase inhibitors with a role in S and G2/M cell cycle checkpoints induced by genotoxic stress,GADD45b,cdc2,True
0,6,HPRD50.d16.s0,GADD45b and GADD45g are cdc2/cyclinB1 kinase inhibitors with a role in S and G2/M cell cycle checkpoints induced by genotoxic stress,GADD45g,cdc2,True
0,6,HPRD50.d16.s1,"Gadd45a (Gadd45), Gadd45b (MyD118), and Gadd45g (CR6) constitute a family of evolutionarily conserved, small, acidic, nuclear proteins, which have been implicated in terminal differentiation, growth suppression, and apoptosis",Gadd45a,Gadd45,False
0,6,HPRD50.d16.s1,"Gadd45a (Gadd45), Gadd45b (MyD118), and Gadd45g (CR6) constitute a family of evolutionarily conserved, small, acidic, nuclear proteins, which have been implicated in terminal differentiation, growth suppression, and apoptosis",Gadd45a,Gadd45b,False
0,6,HPRD50.d16.s1,"Gadd45a (Gadd45), Gadd45b (MyD118), and Gadd45g (CR6) constitute a family of evolutionarily conserved, small, acidic, nuclear proteins, which have been implicated in terminal differentiation, growth suppression, and apoptosis",Gadd45a,MyD118,False
0,6,HPRD50.d16.s1,"Gadd45a (Gadd45), Gadd45b (MyD118), and Gadd45g (CR6) constitute a family of evolutionarily conserved, small, acidic, nuclear proteins, which have been implicated in terminal differentiation, growth suppression, and apoptosis",Gadd45a,Gadd45g,False
0,6,HPRD50.d16.s1,"Gadd45a (Gadd45), Gadd45b (MyD118), and Gadd45g (CR6) constitute a family of evolutionarily conserved, small, acidic, nuclear proteins, which have been implicated in terminal differentiation, growth suppression, and apoptosis",Gadd45a,CR6,False
0,6,HPRD50.d16.s1,"Gadd45a (Gadd45), Gadd45b (MyD118), and Gadd45g (CR6) constitute a family of evolutionarily conserved, small, acidic, nuclear proteins, which have been implicated in terminal differentiation, growth suppression, and apoptosis",Gadd45,Gadd45b,False
0,6,HPRD50.d16.s1,"Gadd45a (Gadd45), Gadd45b (MyD118), and Gadd45g (CR6) constitute a family of evolutionarily conserved, small, acidic, nuclear proteins, which have been implicated in terminal differentiation, growth suppression, and apoptosis",Gadd45,MyD118,False
0,6,HPRD50.d16.s1,"Gadd45a (Gadd45), Gadd45b (MyD118), and Gadd45g (CR6) constitute a family of evolutionarily conserved, small, acidic, nuclear proteins, which have been implicated in terminal differentiation, growth suppression, and apoptosis",Gadd45,Gadd45g,False
0,6,HPRD50.d16.s1,"Gadd45a (Gadd45), Gadd45b (MyD118), and Gadd45g (CR6) constitute a family of evolutionarily conserved, small, acidic, nuclear proteins, which have been implicated in terminal differentiation, growth suppression, and apoptosis",Gadd45,CR6,False
0,6,HPRD50.d16.s1,"Gadd45a (Gadd45), Gadd45b (MyD118), and Gadd45g (CR6) constitute a family of evolutionarily conserved, small, acidic, nuclear proteins, which have been implicated in terminal differentiation, growth suppression, and apoptosis",Gadd45b,MyD118,False
0,6,HPRD50.d16.s1,"Gadd45a (Gadd45), Gadd45b (MyD118), and Gadd45g (CR6) constitute a family of evolutionarily conserved, small, acidic, nuclear proteins, which have been implicated in terminal differentiation, growth suppression, and apoptosis",Gadd45b,Gadd45g,False
0,6,HPRD50.d16.s1,"Gadd45a (Gadd45), Gadd45b (MyD118), and Gadd45g (CR6) constitute a family of evolutionarily conserved, small, acidic, nuclear proteins, which have been implicated in terminal differentiation, growth suppression, and apoptosis",Gadd45b,CR6,False
0,6,HPRD50.d16.s1,"Gadd45a (Gadd45), Gadd45b (MyD118), and Gadd45g (CR6) constitute a family of evolutionarily conserved, small, acidic, nuclear proteins, which have been implicated in terminal differentiation, growth suppression, and apoptosis",MyD118,Gadd45g,False
0,6,HPRD50.d16.s1,"Gadd45a (Gadd45), Gadd45b (MyD118), and Gadd45g (CR6) constitute a family of evolutionarily conserved, small, acidic, nuclear proteins, which have been implicated in terminal differentiation, growth suppression, and apoptosis",MyD118,CR6,False
0,6,HPRD50.d16.s1,"Gadd45a (Gadd45), Gadd45b (MyD118), and Gadd45g (CR6) constitute a family of evolutionarily conserved, small, acidic, nuclear proteins, which have been implicated in terminal differentiation, growth suppression, and apoptosis",Gadd45g,CR6,False
0,6,HPRD50.d16.s2,Recent evidence has implicated Gadd45a in inhibition of cdc2/cyclinB1 kinase and in G2/M cell cycle arrest,Gadd45a,cdc2,True
0,6,HPRD50.d16.s3,"Yet, whether Gadd45b and/or Gadd45g function as inhibitors of cdc2/cyclinB1 kinase and/or play a role in G2/M cell cycle arrest has not been fully established",Gadd45b,Gadd45g,False
0,6,HPRD50.d16.s3,"Yet, whether Gadd45b and/or Gadd45g function as inhibitors of cdc2/cyclinB1 kinase and/or play a role in G2/M cell cycle arrest has not been fully established",Gadd45b,cdc2,True
0,6,HPRD50.d16.s3,"Yet, whether Gadd45b and/or Gadd45g function as inhibitors of cdc2/cyclinB1 kinase and/or play a role in G2/M cell cycle arrest has not been fully established",Gadd45g,cdc2,True
0,6,HPRD50.d16.s4,"In this work, we show that Gadd45b and Gadd45g specifically interact with the Cdk1/CyclinB1 complex, but not with other Cdk/Cyclin complexes, in vitro and in vivo",Gadd45b,Gadd45g,False
0,6,HPRD50.d16.s4,"In this work, we show that Gadd45b and Gadd45g specifically interact with the Cdk1/CyclinB1 complex, but not with other Cdk/Cyclin complexes, in vitro and in vivo",Gadd45b,Cdk1,True
0,6,HPRD50.d16.s4,"In this work, we show that Gadd45b and Gadd45g specifically interact with the Cdk1/CyclinB1 complex, but not with other Cdk/Cyclin complexes, in vitro and in vivo",Gadd45g,Cdk1,True
0,6,HPRD50.d16.s5,"Data also has been obtained that Gadd45b and Gadd45g, as well as GADD45a, interact with both Cdk1 and cyclinB1, resulting in inhibition of the kinase activity of the Cdk1/cyclinB1 complex",Gadd45b,Gadd45g,False
0,6,HPRD50.d16.s5,"Data also has been obtained that Gadd45b and Gadd45g, as well as GADD45a, interact with both Cdk1 and cyclinB1, resulting in inhibition of the kinase activity of the Cdk1/cyclinB1 complex",Gadd45b,GADD45a,False
0,6,HPRD50.d16.s5,"Data also has been obtained that Gadd45b and Gadd45g, as well as GADD45a, interact with both Cdk1 and cyclinB1, resulting in inhibition of the kinase activity of the Cdk1/cyclinB1 complex",Gadd45b,Cdk1,True
0,6,HPRD50.d16.s5,"Data also has been obtained that Gadd45b and Gadd45g, as well as GADD45a, interact with both Cdk1 and cyclinB1, resulting in inhibition of the kinase activity of the Cdk1/cyclinB1 complex",Gadd45b,Cdk1,True
0,6,HPRD50.d16.s5,"Data also has been obtained that Gadd45b and Gadd45g, as well as GADD45a, interact with both Cdk1 and cyclinB1, resulting in inhibition of the kinase activity of the Cdk1/cyclinB1 complex",Gadd45g,GADD45a,False
0,6,HPRD50.d16.s5,"Data also has been obtained that Gadd45b and Gadd45g, as well as GADD45a, interact with both Cdk1 and cyclinB1, resulting in inhibition of the kinase activity of the Cdk1/cyclinB1 complex",Gadd45g,Cdk1,True
0,6,HPRD50.d16.s5,"Data also has been obtained that Gadd45b and Gadd45g, as well as GADD45a, interact with both Cdk1 and cyclinB1, resulting in inhibition of the kinase activity of the Cdk1/cyclinB1 complex",Gadd45g,Cdk1,True
0,6,HPRD50.d16.s5,"Data also has been obtained that Gadd45b and Gadd45g, as well as GADD45a, interact with both Cdk1 and cyclinB1, resulting in inhibition of the kinase activity of the Cdk1/cyclinB1 complex",GADD45a,Cdk1,True
0,6,HPRD50.d16.s5,"Data also has been obtained that Gadd45b and Gadd45g, as well as GADD45a, interact with both Cdk1 and cyclinB1, resulting in inhibition of the kinase activity of the Cdk1/cyclinB1 complex",GADD45a,Cdk1,True
0,6,HPRD50.d16.s5,"Data also has been obtained that Gadd45b and Gadd45g, as well as GADD45a, interact with both Cdk1 and cyclinB1, resulting in inhibition of the kinase activity of the Cdk1/cyclinB1 complex",Cdk1,Cdk1,False
0,6,HPRD50.d16.s6,"Inhibition of Cdk1/cyclinB1 kinase activity by Gadd45b and Gadd45a was found to involve disruption of the complex, whereas Gadd45g did not disrupt the complex",Cdk1,Gadd45b,True
0,6,HPRD50.d16.s6,"Inhibition of Cdk1/cyclinB1 kinase activity by Gadd45b and Gadd45a was found to involve disruption of the complex, whereas Gadd45g did not disrupt the complex",Cdk1,Gadd45a,True
0,6,HPRD50.d16.s6,"Inhibition of Cdk1/cyclinB1 kinase activity by Gadd45b and Gadd45a was found to involve disruption of the complex, whereas Gadd45g did not disrupt the complex",Cdk1,Gadd45g,False
0,6,HPRD50.d16.s6,"Inhibition of Cdk1/cyclinB1 kinase activity by Gadd45b and Gadd45a was found to involve disruption of the complex, whereas Gadd45g did not disrupt the complex",Gadd45b,Gadd45a,False
0,6,HPRD50.d16.s6,"Inhibition of Cdk1/cyclinB1 kinase activity by Gadd45b and Gadd45a was found to involve disruption of the complex, whereas Gadd45g did not disrupt the complex",Gadd45b,Gadd45g,False
0,6,HPRD50.d16.s6,"Inhibition of Cdk1/cyclinB1 kinase activity by Gadd45b and Gadd45a was found to involve disruption of the complex, whereas Gadd45g did not disrupt the complex",Gadd45a,Gadd45g,False
0,8,HPRD50.d18.s0,The transmembrane receptor protein tyrosine phosphatase DEP1 interacts with p120(ctn),receptor protein tyrosine phosphatase,DEP1,False
0,8,HPRD50.d18.s0,The transmembrane receptor protein tyrosine phosphatase DEP1 interacts with p120(ctn),receptor protein tyrosine phosphatase,p120(ctn),True
0,8,HPRD50.d18.s0,The transmembrane receptor protein tyrosine phosphatase DEP1 interacts with p120(ctn),DEP1,p120(ctn),True
0,8,HPRD50.d18.s1,"The receptor-like protein tyrosine phosphatase DEP1, also known as CD148, is expressed predominantly in epithelial cells, in a variety of tumor cell lines, and in lymphocytes",receptor-like protein tyrosine phosphatase,DEP1,False
0,8,HPRD50.d18.s1,"The receptor-like protein tyrosine phosphatase DEP1, also known as CD148, is expressed predominantly in epithelial cells, in a variety of tumor cell lines, and in lymphocytes",receptor-like protein tyrosine phosphatase,CD148,False
0,8,HPRD50.d18.s1,"The receptor-like protein tyrosine phosphatase DEP1, also known as CD148, is expressed predominantly in epithelial cells, in a variety of tumor cell lines, and in lymphocytes",DEP1,CD148,False
0,8,HPRD50.d18.s2,DEP1 also interacted with other members of the catenin gene family including beta-catenin and gamma-catenin,DEP1,beta-catenin,True
0,8,HPRD50.d18.s3,"The interaction with p120(ctn) is likely to be direct, as the interaction occurs in K562 cells lacking functional adherens junctions and E-cadherin expression",p120(ctn),E-cadherin,False
0,8,HPRD50.d18.s4,"Catalytic domains of the tyrosine phosphatases PTP-PEST, CD45, and PTPbeta did not interact with proteins of the catenin family to detectable levels, suggesting that the interaction of DEP1 with these proteins is specific",PTP-PEST,CD45,False
0,8,HPRD50.d18.s4,"Catalytic domains of the tyrosine phosphatases PTP-PEST, CD45, and PTPbeta did not interact with proteins of the catenin family to detectable levels, suggesting that the interaction of DEP1 with these proteins is specific",PTP-PEST,DEP1,False
0,8,HPRD50.d18.s4,"Catalytic domains of the tyrosine phosphatases PTP-PEST, CD45, and PTPbeta did not interact with proteins of the catenin family to detectable levels, suggesting that the interaction of DEP1 with these proteins is specific",CD45,DEP1,False
0,8,HPRD50.d19.s0,p300/cAMP-response-element-binding-protein ('CREB')-binding protein (CBP) modulates co-operation between myocyte enhancer factor 2A (MEF2A) and thyroid hormone receptor-retinoid X receptor,p300,cAMP-response-element-binding-protein,False
0,8,HPRD50.d19.s0,p300/cAMP-response-element-binding-protein ('CREB')-binding protein (CBP) modulates co-operation between myocyte enhancer factor 2A (MEF2A) and thyroid hormone receptor-retinoid X receptor,p300,CREB,False
0,8,HPRD50.d19.s0,p300/cAMP-response-element-binding-protein ('CREB')-binding protein (CBP) modulates co-operation between myocyte enhancer factor 2A (MEF2A) and thyroid hormone receptor-retinoid X receptor,p300,MEF2A,True
0,8,HPRD50.d19.s0,p300/cAMP-response-element-binding-protein ('CREB')-binding protein (CBP) modulates co-operation between myocyte enhancer factor 2A (MEF2A) and thyroid hormone receptor-retinoid X receptor,cAMP-response-element-binding-protein,CREB,False
0,8,HPRD50.d19.s0,p300/cAMP-response-element-binding-protein ('CREB')-binding protein (CBP) modulates co-operation between myocyte enhancer factor 2A (MEF2A) and thyroid hormone receptor-retinoid X receptor,cAMP-response-element-binding-protein,MEF2A,True
0,8,HPRD50.d19.s0,p300/cAMP-response-element-binding-protein ('CREB')-binding protein (CBP) modulates co-operation between myocyte enhancer factor 2A (MEF2A) and thyroid hormone receptor-retinoid X receptor,CREB,MEF2A,True
0,8,HPRD50.d19.s1,p300/cAMP-response-element-binding-protein ('CREB')-binding protein (CBP) interacting with transcription factors is able to increase their activity on target gene promoters,p300,cAMP-response-element-binding-protein,False
0,8,HPRD50.d19.s1,p300/cAMP-response-element-binding-protein ('CREB')-binding protein (CBP) interacting with transcription factors is able to increase their activity on target gene promoters,p300,CREB,False
0,8,HPRD50.d19.s1,p300/cAMP-response-element-binding-protein ('CREB')-binding protein (CBP) interacting with transcription factors is able to increase their activity on target gene promoters,cAMP-response-element-binding-protein,CREB,False
0,8,HPRD50.d19.s2,"Our findings showed that the same C-terminal portion of p300 binds the N-terminal domains of both TR and MEF2A, and our in vivo studies demonstrated that TR, MEF2A and p300 form a ternary complex",p300,MEF2A,True
0,8,HPRD50.d19.s2,"Our findings showed that the same C-terminal portion of p300 binds the N-terminal domains of both TR and MEF2A, and our in vivo studies demonstrated that TR, MEF2A and p300 form a ternary complex",p300,MEF2A,False
0,8,HPRD50.d19.s2,"Our findings showed that the same C-terminal portion of p300 binds the N-terminal domains of both TR and MEF2A, and our in vivo studies demonstrated that TR, MEF2A and p300 form a ternary complex",p300,p300,False
0,8,HPRD50.d19.s2,"Our findings showed that the same C-terminal portion of p300 binds the N-terminal domains of both TR and MEF2A, and our in vivo studies demonstrated that TR, MEF2A and p300 form a ternary complex",MEF2A,MEF2A,False
0,8,HPRD50.d19.s2,"Our findings showed that the same C-terminal portion of p300 binds the N-terminal domains of both TR and MEF2A, and our in vivo studies demonstrated that TR, MEF2A and p300 form a ternary complex",MEF2A,p300,False
0,8,HPRD50.d19.s2,"Our findings showed that the same C-terminal portion of p300 binds the N-terminal domains of both TR and MEF2A, and our in vivo studies demonstrated that TR, MEF2A and p300 form a ternary complex",MEF2A,p300,True
0,8,HPRD50.d20.s0,"The human Imp3 and Imp4 proteins form a ternary complex with hMpp10, which only interacts with the U3 snoRNA in 60-80S ribonucleoprotein complexes",Imp3,Imp4,True
0,8,HPRD50.d20.s0,"The human Imp3 and Imp4 proteins form a ternary complex with hMpp10, which only interacts with the U3 snoRNA in 60-80S ribonucleoprotein complexes",Imp3,snoRNA,True
0,8,HPRD50.d20.s0,"The human Imp3 and Imp4 proteins form a ternary complex with hMpp10, which only interacts with the U3 snoRNA in 60-80S ribonucleoprotein complexes",Imp4,snoRNA,True
0,8,HPRD50.d20.s1,We have cloned cDNAs encoding the human and mouse homologs of the yeast U3 snoRNP-associated proteins Imp3 and Imp4,Imp3,Imp4,False
0,8,HPRD50.d20.s2,"The results of complementation experiments show that, in contrast to mouse Imp4, mouse Imp3 can partially alleviate the growth defect of the corresponding yeast null strain, indicating that the role of Imp3 in pre-rRNA processing is evolutionarily conserved",Imp4,Imp3,False
0,8,HPRD50.d20.s2,"The results of complementation experiments show that, in contrast to mouse Imp4, mouse Imp3 can partially alleviate the growth defect of the corresponding yeast null strain, indicating that the role of Imp3 in pre-rRNA processing is evolutionarily conserved",Imp4,Imp3,False
0,8,HPRD50.d20.s2,"The results of complementation experiments show that, in contrast to mouse Imp4, mouse Imp3 can partially alleviate the growth defect of the corresponding yeast null strain, indicating that the role of Imp3 in pre-rRNA processing is evolutionarily conserved",Imp3,Imp3,False
0,8,HPRD50.d20.s3,"The results of density gradient centrifugation experiments show that, in contrast to hU3-55K, the human Imp3 and Imp4 proteins predominantly interact with the U3 snoRNA in 60-80S ribonucleoprotein complexes",Imp3,Imp4,False
0,8,HPRD50.d20.s3,"The results of density gradient centrifugation experiments show that, in contrast to hU3-55K, the human Imp3 and Imp4 proteins predominantly interact with the U3 snoRNA in 60-80S ribonucleoprotein complexes",Imp3,snoRNA,True
0,8,HPRD50.d20.s3,"The results of density gradient centrifugation experiments show that, in contrast to hU3-55K, the human Imp3 and Imp4 proteins predominantly interact with the U3 snoRNA in 60-80S ribonucleoprotein complexes",Imp4,snoRNA,True
0,9,HPRD50.d21.s0,"In the present study, we observed evidence of cross-talk between the cannabinoid receptor CB1 and the orexin 1 receptor (OX1R) using a heterologous system",CB1,orexin 1 receptor,True
0,9,HPRD50.d21.s0,"In the present study, we observed evidence of cross-talk between the cannabinoid receptor CB1 and the orexin 1 receptor (OX1R) using a heterologous system",CB1,OX1R,True
0,9,HPRD50.d21.s0,"In the present study, we observed evidence of cross-talk between the cannabinoid receptor CB1 and the orexin 1 receptor (OX1R) using a heterologous system",orexin 1 receptor,OX1R,False
0,9,HPRD50.d21.s1,"In contrast to OX1R, the potency of direct activation of CB1 was not affected by co-expression with OX1R",OX1R,CB1,False
0,9,HPRD50.d21.s1,"In contrast to OX1R, the potency of direct activation of CB1 was not affected by co-expression with OX1R",OX1R,OX1R,False
0,9,HPRD50.d21.s1,"In contrast to OX1R, the potency of direct activation of CB1 was not affected by co-expression with OX1R",CB1,OX1R,False
0,9,HPRD50.d21.s2,"In addition, electron microscopy experiments revealed that CB1 and OX1R are closely apposed at the plasma membrane level; they are close enough to form hetero-oligomers",CB1,OX1R,False
0,9,HPRD50.d22.s0,"GC-GAP, a Rho family GTPase-activating protein that interacts with signaling adapters Gab1 and Gab2",GC-GAP,GTPase-activating protein,False
0,9,HPRD50.d22.s0,"GC-GAP, a Rho family GTPase-activating protein that interacts with signaling adapters Gab1 and Gab2",GC-GAP,Gab1,True
0,9,HPRD50.d22.s0,"GC-GAP, a Rho family GTPase-activating protein that interacts with signaling adapters Gab1 and Gab2",GC-GAP,Gab2,True
0,9,HPRD50.d22.s0,"GC-GAP, a Rho family GTPase-activating protein that interacts with signaling adapters Gab1 and Gab2",GTPase-activating protein,Gab1,True
0,9,HPRD50.d22.s0,"GC-GAP, a Rho family GTPase-activating protein that interacts with signaling adapters Gab1 and Gab2",GTPase-activating protein,Gab2,True
0,9,HPRD50.d22.s0,"GC-GAP, a Rho family GTPase-activating protein that interacts with signaling adapters Gab1 and Gab2",Gab1,Gab2,False
0,9,HPRD50.d22.s1,"Gab1 and Gab2 are scaffolding proteins acting downstream of cell surface receptors and interact with a variety of cytoplasmic signaling proteins such as Grb2, Shp-2, phosphatidylinositol 3-kinase, Shc, and Crk",Gab1,Gab2,False
0,9,HPRD50.d22.s1,"Gab1 and Gab2 are scaffolding proteins acting downstream of cell surface receptors and interact with a variety of cytoplasmic signaling proteins such as Grb2, Shp-2, phosphatidylinositol 3-kinase, Shc, and Crk",Gab1,Grb2,True
0,9,HPRD50.d22.s1,"Gab1 and Gab2 are scaffolding proteins acting downstream of cell surface receptors and interact with a variety of cytoplasmic signaling proteins such as Grb2, Shp-2, phosphatidylinositol 3-kinase, Shc, and Crk",Gab1,Shp-2,True
0,9,HPRD50.d22.s1,"Gab1 and Gab2 are scaffolding proteins acting downstream of cell surface receptors and interact with a variety of cytoplasmic signaling proteins such as Grb2, Shp-2, phosphatidylinositol 3-kinase, Shc, and Crk",Gab1,phosphatidylinositol 3-kinase,True
0,9,HPRD50.d22.s1,"Gab1 and Gab2 are scaffolding proteins acting downstream of cell surface receptors and interact with a variety of cytoplasmic signaling proteins such as Grb2, Shp-2, phosphatidylinositol 3-kinase, Shc, and Crk",Gab2,Grb2,True
0,9,HPRD50.d22.s1,"Gab1 and Gab2 are scaffolding proteins acting downstream of cell surface receptors and interact with a variety of cytoplasmic signaling proteins such as Grb2, Shp-2, phosphatidylinositol 3-kinase, Shc, and Crk",Gab2,Shp-2,True
0,9,HPRD50.d22.s1,"Gab1 and Gab2 are scaffolding proteins acting downstream of cell surface receptors and interact with a variety of cytoplasmic signaling proteins such as Grb2, Shp-2, phosphatidylinositol 3-kinase, Shc, and Crk",Gab2,phosphatidylinositol 3-kinase,True
0,9,HPRD50.d22.s1,"Gab1 and Gab2 are scaffolding proteins acting downstream of cell surface receptors and interact with a variety of cytoplasmic signaling proteins such as Grb2, Shp-2, phosphatidylinositol 3-kinase, Shc, and Crk",Grb2,Shp-2,False
0,9,HPRD50.d22.s1,"Gab1 and Gab2 are scaffolding proteins acting downstream of cell surface receptors and interact with a variety of cytoplasmic signaling proteins such as Grb2, Shp-2, phosphatidylinositol 3-kinase, Shc, and Crk",Grb2,phosphatidylinositol 3-kinase,False
0,9,HPRD50.d22.s1,"Gab1 and Gab2 are scaffolding proteins acting downstream of cell surface receptors and interact with a variety of cytoplasmic signaling proteins such as Grb2, Shp-2, phosphatidylinositol 3-kinase, Shc, and Crk",Shp-2,phosphatidylinositol 3-kinase,False
0,9,HPRD50.d22.s2,"In addition, GC-GAP contains several classic proline-rich motifs, and it interacts with the first SH3 domain of Crk and full-length Nck in vitro",GC-GAP,Nck,True
0,9,HPRD50.d22.s3,"We propose that Gab1 and Gab2 in cooperation with other adapter molecules might regulate the cellular localization of GC-GAP under specific stimuli, acting to regulate precisely Rac and Cdc42 activities",Gab1,Gab2,False
0,9,HPRD50.d22.s3,"We propose that Gab1 and Gab2 in cooperation with other adapter molecules might regulate the cellular localization of GC-GAP under specific stimuli, acting to regulate precisely Rac and Cdc42 activities",Gab1,GC-GAP,True
0,9,HPRD50.d22.s3,"We propose that Gab1 and Gab2 in cooperation with other adapter molecules might regulate the cellular localization of GC-GAP under specific stimuli, acting to regulate precisely Rac and Cdc42 activities",Gab1,Cdc42,True
0,9,HPRD50.d22.s3,"We propose that Gab1 and Gab2 in cooperation with other adapter molecules might regulate the cellular localization of GC-GAP under specific stimuli, acting to regulate precisely Rac and Cdc42 activities",Gab2,GC-GAP,True
0,9,HPRD50.d22.s3,"We propose that Gab1 and Gab2 in cooperation with other adapter molecules might regulate the cellular localization of GC-GAP under specific stimuli, acting to regulate precisely Rac and Cdc42 activities",Gab2,Cdc42,True
0,9,HPRD50.d22.s3,"We propose that Gab1 and Gab2 in cooperation with other adapter molecules might regulate the cellular localization of GC-GAP under specific stimuli, acting to regulate precisely Rac and Cdc42 activities",GC-GAP,Cdc42,False
0,9,HPRD50.d22.s4,This work led to identification of a novel GTPase-activating protein (GAP) for Rho family GTPases,GTPase-activating protein,GAP,False
0,9,HPRD50.d22.s5,"The GAP domain shows high similarity to the recently cloned CdGAP and displays activity toward RhoA, Rac1, and Cdc42 in vitro",CdGAP,Rac1,False
0,9,HPRD50.d22.s5,"The GAP domain shows high similarity to the recently cloned CdGAP and displays activity toward RhoA, Rac1, and Cdc42 in vitro",CdGAP,Cdc42,False
0,9,HPRD50.d22.s5,"The GAP domain shows high similarity to the recently cloned CdGAP and displays activity toward RhoA, Rac1, and Cdc42 in vitro",Rac1,Cdc42,False
0,9,HPRD50.d22.s6,The protein was named GC-GAP for its ability to interact with GAB proteins and its activity toward Rac and Cdc42,GC-GAP,GAB,True
0,9,HPRD50.d22.s6,The protein was named GC-GAP for its ability to interact with GAB proteins and its activity toward Rac and Cdc42,GC-GAP,Cdc42,True
0,9,HPRD50.d22.s6,The protein was named GC-GAP for its ability to interact with GAB proteins and its activity toward Rac and Cdc42,GAB,Cdc42,False
0,9,HPRD50.d22.s7,Expression of GC-GAP in 293T cells led to a reduction in active Rac1 and Cdc42 levels but not RhoA,GC-GAP,Rac1,True
0,9,HPRD50.d22.s7,Expression of GC-GAP in 293T cells led to a reduction in active Rac1 and Cdc42 levels but not RhoA,GC-GAP,Cdc42,True
0,9,HPRD50.d22.s7,Expression of GC-GAP in 293T cells led to a reduction in active Rac1 and Cdc42 levels but not RhoA,Rac1,Cdc42,False
0,10,HPRD50.d23.s0,A role for Plk1 phosphorylation of NudC in cytokinesis,Plk1,NudC,True
0,10,HPRD50.d23.s1,"Here, we characterize the interaction between Plk1 and NudC, show that Plk1 phosphorylates NudC at conserved S274 and S326 residues in vitro, and present evidence that NudC is also a substrate for Plk1 in vivo",Plk1,NudC,True
0,10,HPRD50.d23.s1,"Here, we characterize the interaction between Plk1 and NudC, show that Plk1 phosphorylates NudC at conserved S274 and S326 residues in vitro, and present evidence that NudC is also a substrate for Plk1 in vivo",Plk1,Plk1,False
0,10,HPRD50.d23.s1,"Here, we characterize the interaction between Plk1 and NudC, show that Plk1 phosphorylates NudC at conserved S274 and S326 residues in vitro, and present evidence that NudC is also a substrate for Plk1 in vivo",Plk1,NudC,False
0,10,HPRD50.d23.s1,"Here, we characterize the interaction between Plk1 and NudC, show that Plk1 phosphorylates NudC at conserved S274 and S326 residues in vitro, and present evidence that NudC is also a substrate for Plk1 in vivo",Plk1,NudC,False
0,10,HPRD50.d23.s1,"Here, we characterize the interaction between Plk1 and NudC, show that Plk1 phosphorylates NudC at conserved S274 and S326 residues in vitro, and present evidence that NudC is also a substrate for Plk1 in vivo",Plk1,Plk1,False
0,10,HPRD50.d23.s1,"Here, we characterize the interaction between Plk1 and NudC, show that Plk1 phosphorylates NudC at conserved S274 and S326 residues in vitro, and present evidence that NudC is also a substrate for Plk1 in vivo",NudC,Plk1,False
0,10,HPRD50.d23.s1,"Here, we characterize the interaction between Plk1 and NudC, show that Plk1 phosphorylates NudC at conserved S274 and S326 residues in vitro, and present evidence that NudC is also a substrate for Plk1 in vivo",NudC,NudC,False
0,10,HPRD50.d23.s1,"Here, we characterize the interaction between Plk1 and NudC, show that Plk1 phosphorylates NudC at conserved S274 and S326 residues in vitro, and present evidence that NudC is also a substrate for Plk1 in vivo",NudC,NudC,False
0,10,HPRD50.d23.s1,"Here, we characterize the interaction between Plk1 and NudC, show that Plk1 phosphorylates NudC at conserved S274 and S326 residues in vitro, and present evidence that NudC is also a substrate for Plk1 in vivo",NudC,Plk1,False
0,10,HPRD50.d23.s1,"Here, we characterize the interaction between Plk1 and NudC, show that Plk1 phosphorylates NudC at conserved S274 and S326 residues in vitro, and present evidence that NudC is also a substrate for Plk1 in vivo",Plk1,NudC,True
0,10,HPRD50.d23.s1,"Here, we characterize the interaction between Plk1 and NudC, show that Plk1 phosphorylates NudC at conserved S274 and S326 residues in vitro, and present evidence that NudC is also a substrate for Plk1 in vivo",Plk1,NudC,False
0,10,HPRD50.d23.s1,"Here, we characterize the interaction between Plk1 and NudC, show that Plk1 phosphorylates NudC at conserved S274 and S326 residues in vitro, and present evidence that NudC is also a substrate for Plk1 in vivo",Plk1,Plk1,False
0,10,HPRD50.d23.s1,"Here, we characterize the interaction between Plk1 and NudC, show that Plk1 phosphorylates NudC at conserved S274 and S326 residues in vitro, and present evidence that NudC is also a substrate for Plk1 in vivo",NudC,NudC,False
0,10,HPRD50.d23.s1,"Here, we characterize the interaction between Plk1 and NudC, show that Plk1 phosphorylates NudC at conserved S274 and S326 residues in vitro, and present evidence that NudC is also a substrate for Plk1 in vivo",NudC,Plk1,False
0,10,HPRD50.d23.s1,"Here, we characterize the interaction between Plk1 and NudC, show that Plk1 phosphorylates NudC at conserved S274 and S326 residues in vitro, and present evidence that NudC is also a substrate for Plk1 in vivo",NudC,Plk1,True
0,10,HPRD50.d23.s2,"Downregulation of NudC by RNA interference results in multiple mitotic defects, including multinucleation and cells arrested at the midbody stage, which are rescued by ectopic expression of wild-type NudC, but not by NudC with mutations in the Plk1 phosphorylation sites",NudC,NudC,False
0,10,HPRD50.d23.s2,"Downregulation of NudC by RNA interference results in multiple mitotic defects, including multinucleation and cells arrested at the midbody stage, which are rescued by ectopic expression of wild-type NudC, but not by NudC with mutations in the Plk1 phosphorylation sites",NudC,NudC,False
0,10,HPRD50.d23.s2,"Downregulation of NudC by RNA interference results in multiple mitotic defects, including multinucleation and cells arrested at the midbody stage, which are rescued by ectopic expression of wild-type NudC, but not by NudC with mutations in the Plk1 phosphorylation sites",NudC,Plk1,False
0,10,HPRD50.d23.s2,"Downregulation of NudC by RNA interference results in multiple mitotic defects, including multinucleation and cells arrested at the midbody stage, which are rescued by ectopic expression of wild-type NudC, but not by NudC with mutations in the Plk1 phosphorylation sites",NudC,NudC,False
0,10,HPRD50.d23.s2,"Downregulation of NudC by RNA interference results in multiple mitotic defects, including multinucleation and cells arrested at the midbody stage, which are rescued by ectopic expression of wild-type NudC, but not by NudC with mutations in the Plk1 phosphorylation sites",NudC,Plk1,False
0,10,HPRD50.d23.s2,"Downregulation of NudC by RNA interference results in multiple mitotic defects, including multinucleation and cells arrested at the midbody stage, which are rescued by ectopic expression of wild-type NudC, but not by NudC with mutations in the Plk1 phosphorylation sites",NudC,Plk1,False
0,10,HPRD50.d23.s3,These results suggest that Plk1 phosphorylation of NudC may influence cytokinesis,Plk1,NudC,True
0,9,HPRD50.d24.s0,Specific interaction of Egr1 and c/EBPbeta leads to the transcriptional activation of the human low density lipoprotein receptor gene,Egr1,low density lipoprotein receptor,True
0,9,HPRD50.d24.s1,The sterol-independent regulatory element (SIRE) of the LDL receptor (LDLR) promoter mediates oncostatin M (OM)-induced transcription of the LDLR gene through a cholesterol-independent pathway,LDL receptor,LDLR,False
0,9,HPRD50.d24.s1,The sterol-independent regulatory element (SIRE) of the LDL receptor (LDLR) promoter mediates oncostatin M (OM)-induced transcription of the LDLR gene through a cholesterol-independent pathway,LDL receptor,oncostatin M,True
0,9,HPRD50.d24.s1,The sterol-independent regulatory element (SIRE) of the LDL receptor (LDLR) promoter mediates oncostatin M (OM)-induced transcription of the LDLR gene through a cholesterol-independent pathway,LDL receptor,LDLR,False
0,9,HPRD50.d24.s1,The sterol-independent regulatory element (SIRE) of the LDL receptor (LDLR) promoter mediates oncostatin M (OM)-induced transcription of the LDLR gene through a cholesterol-independent pathway,LDLR,oncostatin M,True
0,9,HPRD50.d24.s1,The sterol-independent regulatory element (SIRE) of the LDL receptor (LDLR) promoter mediates oncostatin M (OM)-induced transcription of the LDLR gene through a cholesterol-independent pathway,LDLR,LDLR,False
0,9,HPRD50.d24.s1,The sterol-independent regulatory element (SIRE) of the LDL receptor (LDLR) promoter mediates oncostatin M (OM)-induced transcription of the LDLR gene through a cholesterol-independent pathway,oncostatin M,LDLR,True
0,5,HPRD50.d25.s0,TR2 orphan receptor functions as negative modulator for androgen receptor in prostate cancer cells PC-3,TR2,androgen receptor,True
0,5,HPRD50.d25.s0,TR2 orphan receptor functions as negative modulator for androgen receptor in prostate cancer cells PC-3,TR2,PC-3,False
0,5,HPRD50.d25.s0,TR2 orphan receptor functions as negative modulator for androgen receptor in prostate cancer cells PC-3,androgen receptor,PC-3,False
0,5,HPRD50.d25.s1,BACKGROUND: Both androgen receptor (AR) and orphan receptor TR2 (TR2) belong to the steroid nuclear receptor superfamily and are expressed in prostate cancer tissue and cell lines,androgen receptor,TR2,False
0,5,HPRD50.d25.s1,BACKGROUND: Both androgen receptor (AR) and orphan receptor TR2 (TR2) belong to the steroid nuclear receptor superfamily and are expressed in prostate cancer tissue and cell lines,androgen receptor,TR2,False
0,5,HPRD50.d25.s1,BACKGROUND: Both androgen receptor (AR) and orphan receptor TR2 (TR2) belong to the steroid nuclear receptor superfamily and are expressed in prostate cancer tissue and cell lines,TR2,TR2,False
0,5,HPRD50.d25.s2,The interaction between AR and TR2 was assessed by glutathione-S-transferase (GST) pull-down assay and mammalian two-hybrid system assay,TR2,glutathione-S-transferase,False
0,5,HPRD50.d25.s2,The interaction between AR and TR2 was assessed by glutathione-S-transferase (GST) pull-down assay and mammalian two-hybrid system assay,TR2,GST,False
0,5,HPRD50.d25.s2,The interaction between AR and TR2 was assessed by glutathione-S-transferase (GST) pull-down assay and mammalian two-hybrid system assay,glutathione-S-transferase,GST,False
0,2,HPRD50.d26.s0,The protein pVHL functions in a multi-subunit E3 ubiquitin ligase that targets the hypoxia-inducible transcription factor Hif1 alpha for proteasomal degradation during normoxia,pVHL,Hif1 alpha,True
0,2,HPRD50.d26.s1,"We establish that pVHL binds to Tat-binding protein-1 (TBP-1), a component of the 19S regulatory complex of the proteasome",pVHL,Tat-binding protein-1,True
0,2,HPRD50.d26.s1,"We establish that pVHL binds to Tat-binding protein-1 (TBP-1), a component of the 19S regulatory complex of the proteasome",pVHL,TBP-1,True
0,2,HPRD50.d26.s1,"We establish that pVHL binds to Tat-binding protein-1 (TBP-1), a component of the 19S regulatory complex of the proteasome",Tat-binding protein-1,TBP-1,False
0,2,HPRD50.d26.s2,TBP-1 associates with the beta-domain of pVHL and complexes with pVHL and Hif1 alpha in vivo,TBP-1,pVHL,True
0,2,HPRD50.d26.s2,TBP-1 associates with the beta-domain of pVHL and complexes with pVHL and Hif1 alpha in vivo,TBP-1,pVHL,True
0,2,HPRD50.d26.s2,TBP-1 associates with the beta-domain of pVHL and complexes with pVHL and Hif1 alpha in vivo,TBP-1,Hif1 alpha,True
0,2,HPRD50.d26.s2,TBP-1 associates with the beta-domain of pVHL and complexes with pVHL and Hif1 alpha in vivo,pVHL,pVHL,False
0,2,HPRD50.d26.s2,TBP-1 associates with the beta-domain of pVHL and complexes with pVHL and Hif1 alpha in vivo,pVHL,Hif1 alpha,False
0,2,HPRD50.d26.s2,TBP-1 associates with the beta-domain of pVHL and complexes with pVHL and Hif1 alpha in vivo,pVHL,Hif1 alpha,False
0,2,HPRD50.d26.s3,Overexpression of TBP-1 promotes degradation of Hif1 alpha in a pVHL-dependent manner that requires the ATPase domain of TBP-1,TBP-1,Hif1 alpha,True
0,2,HPRD50.d26.s3,Overexpression of TBP-1 promotes degradation of Hif1 alpha in a pVHL-dependent manner that requires the ATPase domain of TBP-1,TBP-1,TBP-1,False
0,2,HPRD50.d26.s3,Overexpression of TBP-1 promotes degradation of Hif1 alpha in a pVHL-dependent manner that requires the ATPase domain of TBP-1,Hif1 alpha,TBP-1,True
0,2,HPRD50.d26.s4,Blockade of TBP-1 expression by small interfering RNA (siRNA) causes prolonged degradation kinetics of Hif1 alpha,TBP-1,Hif1 alpha,True
0,2,HPRD50.d26.s5,Several distinct mutations in exon 2 of VHL disrupt binding of pVHL to TBP-1,VHL,pVHL,False
0,2,HPRD50.d26.s5,Several distinct mutations in exon 2 of VHL disrupt binding of pVHL to TBP-1,VHL,TBP-1,True
0,2,HPRD50.d26.s5,Several distinct mutations in exon 2 of VHL disrupt binding of pVHL to TBP-1,pVHL,TBP-1,True
0,2,HPRD50.d26.s6,"A pVHL mutant containing a P154L substitution coimmunoprecipitates with Hif1 alpha, but not TBP-1, and does not promote degradation of Hif1 alpha",pVHL,Hif1 alpha,True
0,2,HPRD50.d26.s6,"A pVHL mutant containing a P154L substitution coimmunoprecipitates with Hif1 alpha, but not TBP-1, and does not promote degradation of Hif1 alpha",pVHL,TBP-1,False
0,2,HPRD50.d26.s6,"A pVHL mutant containing a P154L substitution coimmunoprecipitates with Hif1 alpha, but not TBP-1, and does not promote degradation of Hif1 alpha",pVHL,Hif1 alpha,False
0,2,HPRD50.d26.s6,"A pVHL mutant containing a P154L substitution coimmunoprecipitates with Hif1 alpha, but not TBP-1, and does not promote degradation of Hif1 alpha",Hif1 alpha,TBP-1,False
0,2,HPRD50.d26.s6,"A pVHL mutant containing a P154L substitution coimmunoprecipitates with Hif1 alpha, but not TBP-1, and does not promote degradation of Hif1 alpha",Hif1 alpha,Hif1 alpha,False
0,2,HPRD50.d26.s6,"A pVHL mutant containing a P154L substitution coimmunoprecipitates with Hif1 alpha, but not TBP-1, and does not promote degradation of Hif1 alpha",TBP-1,Hif1 alpha,False
0,2,HPRD50.d26.s7,"Thus, the ability of pVHL to degrade Hif1 alpha depends in part on its interaction with TBP-1 and suggests a new mechanism for Hif1 alpha stabilization in some pVHL-deficient tumors",pVHL,Hif1 alpha,True
0,2,HPRD50.d26.s7,"Thus, the ability of pVHL to degrade Hif1 alpha depends in part on its interaction with TBP-1 and suggests a new mechanism for Hif1 alpha stabilization in some pVHL-deficient tumors",pVHL,TBP-1,True
0,2,HPRD50.d26.s7,"Thus, the ability of pVHL to degrade Hif1 alpha depends in part on its interaction with TBP-1 and suggests a new mechanism for Hif1 alpha stabilization in some pVHL-deficient tumors",pVHL,Hif1 alpha,False
0,2,HPRD50.d26.s7,"Thus, the ability of pVHL to degrade Hif1 alpha depends in part on its interaction with TBP-1 and suggests a new mechanism for Hif1 alpha stabilization in some pVHL-deficient tumors",pVHL,pVHL,False
0,2,HPRD50.d26.s7,"Thus, the ability of pVHL to degrade Hif1 alpha depends in part on its interaction with TBP-1 and suggests a new mechanism for Hif1 alpha stabilization in some pVHL-deficient tumors",Hif1 alpha,TBP-1,False
0,2,HPRD50.d26.s7,"Thus, the ability of pVHL to degrade Hif1 alpha depends in part on its interaction with TBP-1 and suggests a new mechanism for Hif1 alpha stabilization in some pVHL-deficient tumors",Hif1 alpha,Hif1 alpha,False
0,2,HPRD50.d26.s7,"Thus, the ability of pVHL to degrade Hif1 alpha depends in part on its interaction with TBP-1 and suggests a new mechanism for Hif1 alpha stabilization in some pVHL-deficient tumors",Hif1 alpha,pVHL,False
0,2,HPRD50.d26.s7,"Thus, the ability of pVHL to degrade Hif1 alpha depends in part on its interaction with TBP-1 and suggests a new mechanism for Hif1 alpha stabilization in some pVHL-deficient tumors",TBP-1,Hif1 alpha,False
0,2,HPRD50.d26.s7,"Thus, the ability of pVHL to degrade Hif1 alpha depends in part on its interaction with TBP-1 and suggests a new mechanism for Hif1 alpha stabilization in some pVHL-deficient tumors",TBP-1,pVHL,False
0,2,HPRD50.d26.s7,"Thus, the ability of pVHL to degrade Hif1 alpha depends in part on its interaction with TBP-1 and suggests a new mechanism for Hif1 alpha stabilization in some pVHL-deficient tumors",Hif1 alpha,pVHL,True
0,7,HPRD50.d27.s0,"Pinin/DRS/memA interacts with SRp75, SRm300 and SRrp130 in corneal epithelial cells",Pinin,DRS,False
0,7,HPRD50.d27.s0,"Pinin/DRS/memA interacts with SRp75, SRm300 and SRrp130 in corneal epithelial cells",Pinin,SRp75,True
0,7,HPRD50.d27.s0,"Pinin/DRS/memA interacts with SRp75, SRm300 and SRrp130 in corneal epithelial cells",Pinin,SRm300,True
0,7,HPRD50.d27.s0,"Pinin/DRS/memA interacts with SRp75, SRm300 and SRrp130 in corneal epithelial cells",DRS,SRp75,True
0,7,HPRD50.d27.s0,"Pinin/DRS/memA interacts with SRp75, SRm300 and SRrp130 in corneal epithelial cells",DRS,SRm300,True
0,7,HPRD50.d27.s0,"Pinin/DRS/memA interacts with SRp75, SRm300 and SRrp130 in corneal epithelial cells",SRp75,SRm300,False
0,7,HPRD50.d27.s1,"Three SR-rich proteins were identified that interact with the C-terminus of Pnn: SRp75 and SRm300, known components of spliceosome machinery, and a novel 130-kDa nuclear protein, SRrp130",SRp75,SRm300,False
0,1,HPRD50.d29.s0,Modification of de novo DNA methyltransferase 3a (Dnmt3a) by SUMO-1 modulates its interaction with histone deacetylases (HDACs) and its capacity to repress transcription,Dnmt3a,SUMO-1,True
0,1,HPRD50.d29.s1,"Here we show that Dnmt3a interacts with multiple components of the sumoylation machinery, namely the E2 sumo conjugating enzyme Ubc9 and the E3 sumo ligases PIAS1 and PIASxalpha, all of which are involved in conjugating the small ubiquitin-like modifier polypeptide, SUMO-1, to its target proteins",Dnmt3a,Ubc9,True
0,1,HPRD50.d29.s1,"Here we show that Dnmt3a interacts with multiple components of the sumoylation machinery, namely the E2 sumo conjugating enzyme Ubc9 and the E3 sumo ligases PIAS1 and PIASxalpha, all of which are involved in conjugating the small ubiquitin-like modifier polypeptide, SUMO-1, to its target proteins",Dnmt3a,PIAS1,True
0,1,HPRD50.d29.s1,"Here we show that Dnmt3a interacts with multiple components of the sumoylation machinery, namely the E2 sumo conjugating enzyme Ubc9 and the E3 sumo ligases PIAS1 and PIASxalpha, all of which are involved in conjugating the small ubiquitin-like modifier polypeptide, SUMO-1, to its target proteins",Dnmt3a,PIASxalpha,True
0,1,HPRD50.d29.s1,"Here we show that Dnmt3a interacts with multiple components of the sumoylation machinery, namely the E2 sumo conjugating enzyme Ubc9 and the E3 sumo ligases PIAS1 and PIASxalpha, all of which are involved in conjugating the small ubiquitin-like modifier polypeptide, SUMO-1, to its target proteins",Dnmt3a,SUMO-1,False
0,1,HPRD50.d29.s1,"Here we show that Dnmt3a interacts with multiple components of the sumoylation machinery, namely the E2 sumo conjugating enzyme Ubc9 and the E3 sumo ligases PIAS1 and PIASxalpha, all of which are involved in conjugating the small ubiquitin-like modifier polypeptide, SUMO-1, to its target proteins",Ubc9,PIAS1,False
0,1,HPRD50.d29.s1,"Here we show that Dnmt3a interacts with multiple components of the sumoylation machinery, namely the E2 sumo conjugating enzyme Ubc9 and the E3 sumo ligases PIAS1 and PIASxalpha, all of which are involved in conjugating the small ubiquitin-like modifier polypeptide, SUMO-1, to its target proteins",Ubc9,PIASxalpha,False
0,1,HPRD50.d29.s1,"Here we show that Dnmt3a interacts with multiple components of the sumoylation machinery, namely the E2 sumo conjugating enzyme Ubc9 and the E3 sumo ligases PIAS1 and PIASxalpha, all of which are involved in conjugating the small ubiquitin-like modifier polypeptide, SUMO-1, to its target proteins",Ubc9,SUMO-1,True
0,1,HPRD50.d29.s1,"Here we show that Dnmt3a interacts with multiple components of the sumoylation machinery, namely the E2 sumo conjugating enzyme Ubc9 and the E3 sumo ligases PIAS1 and PIASxalpha, all of which are involved in conjugating the small ubiquitin-like modifier polypeptide, SUMO-1, to its target proteins",PIAS1,PIASxalpha,False
0,1,HPRD50.d29.s1,"Here we show that Dnmt3a interacts with multiple components of the sumoylation machinery, namely the E2 sumo conjugating enzyme Ubc9 and the E3 sumo ligases PIAS1 and PIASxalpha, all of which are involved in conjugating the small ubiquitin-like modifier polypeptide, SUMO-1, to its target proteins",PIAS1,SUMO-1,True
0,1,HPRD50.d29.s1,"Here we show that Dnmt3a interacts with multiple components of the sumoylation machinery, namely the E2 sumo conjugating enzyme Ubc9 and the E3 sumo ligases PIAS1 and PIASxalpha, all of which are involved in conjugating the small ubiquitin-like modifier polypeptide, SUMO-1, to its target proteins",PIASxalpha,SUMO-1,True
0,1,HPRD50.d29.s2,Dnmt3a is modified by SUMO-1 in vivo and in vitro and the region of Dnmt3a responsible for interaction maps to the N-terminal regulatory domain,Dnmt3a,SUMO-1,True
0,1,HPRD50.d29.s2,Dnmt3a is modified by SUMO-1 in vivo and in vitro and the region of Dnmt3a responsible for interaction maps to the N-terminal regulatory domain,Dnmt3a,Dnmt3a,False
0,1,HPRD50.d29.s2,Dnmt3a is modified by SUMO-1 in vivo and in vitro and the region of Dnmt3a responsible for interaction maps to the N-terminal regulatory domain,SUMO-1,Dnmt3a,False
0,1,HPRD50.d29.s3,"Functionally, sumoylation of Dnmt3a disrupts its ability to interact with histone deacetylases (HDAC1/2), but not with another interaction partner, Dnmt3b",Dnmt3a,HDAC1,True
0,1,HPRD50.d29.s3,"Functionally, sumoylation of Dnmt3a disrupts its ability to interact with histone deacetylases (HDAC1/2), but not with another interaction partner, Dnmt3b",Dnmt3a,Dnmt3b,False
0,1,HPRD50.d29.s3,"Functionally, sumoylation of Dnmt3a disrupts its ability to interact with histone deacetylases (HDAC1/2), but not with another interaction partner, Dnmt3b",HDAC1,Dnmt3b,False
0,6,HPRD50.d30.s0,The tyrosine kinase Tyk-2 is physically associated with the Type I interferon (IFN) receptor complex and is rapidly activated during IFN alpha stimulation,Tyk-2,IFN,True
0,6,HPRD50.d30.s0,The tyrosine kinase Tyk-2 is physically associated with the Type I interferon (IFN) receptor complex and is rapidly activated during IFN alpha stimulation,Tyk-2,IFN alpha,True
0,6,HPRD50.d30.s0,The tyrosine kinase Tyk-2 is physically associated with the Type I interferon (IFN) receptor complex and is rapidly activated during IFN alpha stimulation,IFN,IFN alpha,False
0,6,HPRD50.d31.s0,Raf1 interaction with Cdc25 phosphatase ties mitogenic signal transduction to cell cycle activation,Raf1,Cdc25,True
0,6,HPRD50.d31.s1,We show here that Cdc25 phosphatase associates with raf1 in somatic mammalian cells and in meiotic frog oocytes,Cdc25,raf1,True
0,4,HPRD50.d32.s0,"Differential binding of vascular cell-derived proteoglycans (perlecan, biglycan, decorin, and versican) to the beta-amyloid protein of Alzheimer's disease",perlecan,biglycan,False
0,4,HPRD50.d32.s0,"Differential binding of vascular cell-derived proteoglycans (perlecan, biglycan, decorin, and versican) to the beta-amyloid protein of Alzheimer's disease",perlecan,decorin,False
0,4,HPRD50.d32.s0,"Differential binding of vascular cell-derived proteoglycans (perlecan, biglycan, decorin, and versican) to the beta-amyloid protein of Alzheimer's disease",perlecan,versican,False
0,4,HPRD50.d32.s0,"Differential binding of vascular cell-derived proteoglycans (perlecan, biglycan, decorin, and versican) to the beta-amyloid protein of Alzheimer's disease",biglycan,decorin,False
0,4,HPRD50.d32.s0,"Differential binding of vascular cell-derived proteoglycans (perlecan, biglycan, decorin, and versican) to the beta-amyloid protein of Alzheimer's disease",biglycan,versican,False
0,4,HPRD50.d32.s0,"Differential binding of vascular cell-derived proteoglycans (perlecan, biglycan, decorin, and versican) to the beta-amyloid protein of Alzheimer's disease",decorin,versican,False
0,4,HPRD50.d32.s1,"Previous studies have demonstrated the immunolocalization of perlecan, a specific heparan sulfate proteoglycan, to the beta-amyloid protein (A beta)-containing amyloid deposits within the walls of blood vessels (i.e., congophilic angiopathy) in Alzheimer's disease (AD) brain",perlecan,heparan sulfate proteoglycan,False
0,4,HPRD50.d32.s1,"Previous studies have demonstrated the immunolocalization of perlecan, a specific heparan sulfate proteoglycan, to the beta-amyloid protein (A beta)-containing amyloid deposits within the walls of blood vessels (i.e., congophilic angiopathy) in Alzheimer's disease (AD) brain",perlecan,beta-amyloid,True
0,4,HPRD50.d32.s1,"Previous studies have demonstrated the immunolocalization of perlecan, a specific heparan sulfate proteoglycan, to the beta-amyloid protein (A beta)-containing amyloid deposits within the walls of blood vessels (i.e., congophilic angiopathy) in Alzheimer's disease (AD) brain",perlecan,amyloid,True
0,4,HPRD50.d32.s1,"Previous studies have demonstrated the immunolocalization of perlecan, a specific heparan sulfate proteoglycan, to the beta-amyloid protein (A beta)-containing amyloid deposits within the walls of blood vessels (i.e., congophilic angiopathy) in Alzheimer's disease (AD) brain",heparan sulfate proteoglycan,beta-amyloid,True
0,4,HPRD50.d32.s1,"Previous studies have demonstrated the immunolocalization of perlecan, a specific heparan sulfate proteoglycan, to the beta-amyloid protein (A beta)-containing amyloid deposits within the walls of blood vessels (i.e., congophilic angiopathy) in Alzheimer's disease (AD) brain",heparan sulfate proteoglycan,amyloid,True
0,4,HPRD50.d32.s1,"Previous studies have demonstrated the immunolocalization of perlecan, a specific heparan sulfate proteoglycan, to the beta-amyloid protein (A beta)-containing amyloid deposits within the walls of blood vessels (i.e., congophilic angiopathy) in Alzheimer's disease (AD) brain",beta-amyloid,amyloid,False
0,4,HPRD50.d32.s2,"Overall, the results indicate that specific vascular cell-derived PGs differentially interact with A beta, and that the interactions of highest affinity occur between A beta and binding sites on both the core protein and glycosaminoglycan chains of perlecan",PGs,perlecan,False
0,4,HPRD50.d32.s3,"In the present investigation, the differential binding of previously characterized endothelial cell (EC)- and smooth muscle cell (SMC)-derived PGs to A beta was examined to determine whether the accumulation of A beta in cerebrovascular amyloid deposits may be due to its interactions with perlecan",SMC,PGs,False
0,4,HPRD50.d32.s3,"In the present investigation, the differential binding of previously characterized endothelial cell (EC)- and smooth muscle cell (SMC)-derived PGs to A beta was examined to determine whether the accumulation of A beta in cerebrovascular amyloid deposits may be due to its interactions with perlecan",SMC,amyloid,False
0,4,HPRD50.d32.s3,"In the present investigation, the differential binding of previously characterized endothelial cell (EC)- and smooth muscle cell (SMC)-derived PGs to A beta was examined to determine whether the accumulation of A beta in cerebrovascular amyloid deposits may be due to its interactions with perlecan",SMC,perlecan,False
0,4,HPRD50.d32.s3,"In the present investigation, the differential binding of previously characterized endothelial cell (EC)- and smooth muscle cell (SMC)-derived PGs to A beta was examined to determine whether the accumulation of A beta in cerebrovascular amyloid deposits may be due to its interactions with perlecan",PGs,amyloid,False
0,4,HPRD50.d32.s3,"In the present investigation, the differential binding of previously characterized endothelial cell (EC)- and smooth muscle cell (SMC)-derived PGs to A beta was examined to determine whether the accumulation of A beta in cerebrovascular amyloid deposits may be due to its interactions with perlecan",PGs,perlecan,False
0,4,HPRD50.d32.s3,"In the present investigation, the differential binding of previously characterized endothelial cell (EC)- and smooth muscle cell (SMC)-derived PGs to A beta was examined to determine whether the accumulation of A beta in cerebrovascular amyloid deposits may be due to its interactions with perlecan",amyloid,perlecan,False
0,4,HPRD50.d32.s4,"Pretreatment of AA amyloidotic splenic and liver tissue sections with synthetic A beta (1-28) produced strong immunoreactivity with A beta antibodies at tissue sites enriched in perlecan which was partially removed by pretreatment with heparitinase, but not by chondroitin ABC lyase",perlecan,ABC,False
0,4,HPRD50.d32.s5,"[35S]-Sulfate labeled proteoglycans (PGs) derived from cultured ECs and SMCs bound to affinity columns containing A beta (1-28) or (1-40), with virtually no binding to A beta (40-1) (reverse peptide), beta-amyloid precursor protein (410-429), or bovine serum albumin",PGs,serum albumin,False
0,4,HPRD50.d32.s6,"Characterization of EC and SMC PGs bound to A beta (1-28) revealed strong binding by perlecan, weak binding by decorin and biglycan, two dermatan sulfate proteoglycans, and lack of binding by versican/PG-M, a large chondroitin sulfate proteoglycan",SMC,PGs,False
0,4,HPRD50.d32.s6,"Characterization of EC and SMC PGs bound to A beta (1-28) revealed strong binding by perlecan, weak binding by decorin and biglycan, two dermatan sulfate proteoglycans, and lack of binding by versican/PG-M, a large chondroitin sulfate proteoglycan",SMC,perlecan,False
0,4,HPRD50.d32.s6,"Characterization of EC and SMC PGs bound to A beta (1-28) revealed strong binding by perlecan, weak binding by decorin and biglycan, two dermatan sulfate proteoglycans, and lack of binding by versican/PG-M, a large chondroitin sulfate proteoglycan",SMC,decorin,False
0,4,HPRD50.d32.s6,"Characterization of EC and SMC PGs bound to A beta (1-28) revealed strong binding by perlecan, weak binding by decorin and biglycan, two dermatan sulfate proteoglycans, and lack of binding by versican/PG-M, a large chondroitin sulfate proteoglycan",SMC,biglycan,False
0,4,HPRD50.d32.s6,"Characterization of EC and SMC PGs bound to A beta (1-28) revealed strong binding by perlecan, weak binding by decorin and biglycan, two dermatan sulfate proteoglycans, and lack of binding by versican/PG-M, a large chondroitin sulfate proteoglycan",SMC,versican,False
0,4,HPRD50.d32.s6,"Characterization of EC and SMC PGs bound to A beta (1-28) revealed strong binding by perlecan, weak binding by decorin and biglycan, two dermatan sulfate proteoglycans, and lack of binding by versican/PG-M, a large chondroitin sulfate proteoglycan",SMC,PG-M,False
0,4,HPRD50.d32.s6,"Characterization of EC and SMC PGs bound to A beta (1-28) revealed strong binding by perlecan, weak binding by decorin and biglycan, two dermatan sulfate proteoglycans, and lack of binding by versican/PG-M, a large chondroitin sulfate proteoglycan",PGs,perlecan,True
0,4,HPRD50.d32.s6,"Characterization of EC and SMC PGs bound to A beta (1-28) revealed strong binding by perlecan, weak binding by decorin and biglycan, two dermatan sulfate proteoglycans, and lack of binding by versican/PG-M, a large chondroitin sulfate proteoglycan",PGs,decorin,True
0,4,HPRD50.d32.s6,"Characterization of EC and SMC PGs bound to A beta (1-28) revealed strong binding by perlecan, weak binding by decorin and biglycan, two dermatan sulfate proteoglycans, and lack of binding by versican/PG-M, a large chondroitin sulfate proteoglycan",PGs,biglycan,True
0,4,HPRD50.d32.s6,"Characterization of EC and SMC PGs bound to A beta (1-28) revealed strong binding by perlecan, weak binding by decorin and biglycan, two dermatan sulfate proteoglycans, and lack of binding by versican/PG-M, a large chondroitin sulfate proteoglycan",PGs,versican,False
0,4,HPRD50.d32.s6,"Characterization of EC and SMC PGs bound to A beta (1-28) revealed strong binding by perlecan, weak binding by decorin and biglycan, two dermatan sulfate proteoglycans, and lack of binding by versican/PG-M, a large chondroitin sulfate proteoglycan",PGs,PG-M,False
0,4,HPRD50.d32.s6,"Characterization of EC and SMC PGs bound to A beta (1-28) revealed strong binding by perlecan, weak binding by decorin and biglycan, two dermatan sulfate proteoglycans, and lack of binding by versican/PG-M, a large chondroitin sulfate proteoglycan",perlecan,decorin,False
0,4,HPRD50.d32.s6,"Characterization of EC and SMC PGs bound to A beta (1-28) revealed strong binding by perlecan, weak binding by decorin and biglycan, two dermatan sulfate proteoglycans, and lack of binding by versican/PG-M, a large chondroitin sulfate proteoglycan",perlecan,biglycan,False
0,4,HPRD50.d32.s6,"Characterization of EC and SMC PGs bound to A beta (1-28) revealed strong binding by perlecan, weak binding by decorin and biglycan, two dermatan sulfate proteoglycans, and lack of binding by versican/PG-M, a large chondroitin sulfate proteoglycan",perlecan,versican,False
0,4,HPRD50.d32.s6,"Characterization of EC and SMC PGs bound to A beta (1-28) revealed strong binding by perlecan, weak binding by decorin and biglycan, two dermatan sulfate proteoglycans, and lack of binding by versican/PG-M, a large chondroitin sulfate proteoglycan",perlecan,PG-M,False
0,4,HPRD50.d32.s6,"Characterization of EC and SMC PGs bound to A beta (1-28) revealed strong binding by perlecan, weak binding by decorin and biglycan, two dermatan sulfate proteoglycans, and lack of binding by versican/PG-M, a large chondroitin sulfate proteoglycan",decorin,biglycan,False
0,4,HPRD50.d32.s6,"Characterization of EC and SMC PGs bound to A beta (1-28) revealed strong binding by perlecan, weak binding by decorin and biglycan, two dermatan sulfate proteoglycans, and lack of binding by versican/PG-M, a large chondroitin sulfate proteoglycan",decorin,versican,False
0,4,HPRD50.d32.s6,"Characterization of EC and SMC PGs bound to A beta (1-28) revealed strong binding by perlecan, weak binding by decorin and biglycan, two dermatan sulfate proteoglycans, and lack of binding by versican/PG-M, a large chondroitin sulfate proteoglycan",decorin,PG-M,False
0,4,HPRD50.d32.s6,"Characterization of EC and SMC PGs bound to A beta (1-28) revealed strong binding by perlecan, weak binding by decorin and biglycan, two dermatan sulfate proteoglycans, and lack of binding by versican/PG-M, a large chondroitin sulfate proteoglycan",biglycan,versican,False
0,4,HPRD50.d32.s6,"Characterization of EC and SMC PGs bound to A beta (1-28) revealed strong binding by perlecan, weak binding by decorin and biglycan, two dermatan sulfate proteoglycans, and lack of binding by versican/PG-M, a large chondroitin sulfate proteoglycan",biglycan,PG-M,False
0,4,HPRD50.d32.s6,"Characterization of EC and SMC PGs bound to A beta (1-28) revealed strong binding by perlecan, weak binding by decorin and biglycan, two dermatan sulfate proteoglycans, and lack of binding by versican/PG-M, a large chondroitin sulfate proteoglycan",versican,PG-M,False
0,2,HPRD50.d33.s0,"Cross-linking of CD53 with the use of the mAb MEM-53 and a polyclonal sheep anti-mouse Ig promoted activation of resting B cells into the G1 phase of the cell cycle as judged by increased expression of the early activation Ag CD69, increases in cellular volume, RNA synthesis, and c-myc protein levels, and enhanced binding of 7-aminoactinomycin D",CD53,CD69,True
0,2,HPRD50.d33.s0,"Cross-linking of CD53 with the use of the mAb MEM-53 and a polyclonal sheep anti-mouse Ig promoted activation of resting B cells into the G1 phase of the cell cycle as judged by increased expression of the early activation Ag CD69, increases in cellular volume, RNA synthesis, and c-myc protein levels, and enhanced binding of 7-aminoactinomycin D",CD53,c-myc,True
0,2,HPRD50.d33.s0,"Cross-linking of CD53 with the use of the mAb MEM-53 and a polyclonal sheep anti-mouse Ig promoted activation of resting B cells into the G1 phase of the cell cycle as judged by increased expression of the early activation Ag CD69, increases in cellular volume, RNA synthesis, and c-myc protein levels, and enhanced binding of 7-aminoactinomycin D",CD69,c-myc,False
0,2,HPRD50.d33.s1,"However, cytokines, in particular IL-2 and IL-4, potentiated the DNA synthesis induced by cross-linking of CD53",IL-2,IL-4,False
0,2,HPRD50.d33.s1,"However, cytokines, in particular IL-2 and IL-4, potentiated the DNA synthesis induced by cross-linking of CD53",IL-2,CD53,True
0,2,HPRD50.d33.s1,"However, cytokines, in particular IL-2 and IL-4, potentiated the DNA synthesis induced by cross-linking of CD53",IL-4,CD53,True
0,2,HPRD50.d34.s0,The human apoB mRNA editing protein is a cytidine deaminase showing structural homology to some known mammalian and bacteriophage deoxycytidylate deaminases,apoB,cytidine deaminase,False
0,2,HPRD50.d34.s1,The fact that the apoB mRNA editing protein also exists as a homodimer has important implications for the mechanism of apoB mRNA editing in humans,apoB,homodimer,False
0,2,HPRD50.d34.s1,The fact that the apoB mRNA editing protein also exists as a homodimer has important implications for the mechanism of apoB mRNA editing in humans,apoB,apoB,False
0,2,HPRD50.d34.s1,The fact that the apoB mRNA editing protein also exists as a homodimer has important implications for the mechanism of apoB mRNA editing in humans,homodimer,apoB,False
0,3,HPRD50.d35.s0,"Assignment of Etfdh, Etfb, and Etfa to chromosomes 3, 7, and 13: the mouse homologs of genes responsible for glutaric acidemia type II in human",Etfdh,Etfb,False
0,3,HPRD50.d35.s1,"We used cDNA probes for the Etfdh, Etfb, and Etfa genes to determine localization of these mouse genes to chromosomes 3, 7, and 13",Etfdh,Etfb,False
0,7,HPRD50.d38.s0,"Subsequent amino acid sequencing revealed many peptides involving involucrin cross-linked either to itself or to a variety of other known CE protein components, including cystatin alpha, desmoplakin, elafin, keratins, members of the small proline-rich superfamily, loricrin, and unknown proteins related to the desmoplakin family",involucrin,cystatin alpha,True
0,7,HPRD50.d38.s0,"Subsequent amino acid sequencing revealed many peptides involving involucrin cross-linked either to itself or to a variety of other known CE protein components, including cystatin alpha, desmoplakin, elafin, keratins, members of the small proline-rich superfamily, loricrin, and unknown proteins related to the desmoplakin family",involucrin,desmoplakin,True
0,7,HPRD50.d38.s0,"Subsequent amino acid sequencing revealed many peptides involving involucrin cross-linked either to itself or to a variety of other known CE protein components, including cystatin alpha, desmoplakin, elafin, keratins, members of the small proline-rich superfamily, loricrin, and unknown proteins related to the desmoplakin family",involucrin,elafin,True
0,7,HPRD50.d38.s0,"Subsequent amino acid sequencing revealed many peptides involving involucrin cross-linked either to itself or to a variety of other known CE protein components, including cystatin alpha, desmoplakin, elafin, keratins, members of the small proline-rich superfamily, loricrin, and unknown proteins related to the desmoplakin family",involucrin,loricrin,True
0,7,HPRD50.d38.s0,"Subsequent amino acid sequencing revealed many peptides involving involucrin cross-linked either to itself or to a variety of other known CE protein components, including cystatin alpha, desmoplakin, elafin, keratins, members of the small proline-rich superfamily, loricrin, and unknown proteins related to the desmoplakin family",involucrin,desmoplakin,True
0,7,HPRD50.d38.s0,"Subsequent amino acid sequencing revealed many peptides involving involucrin cross-linked either to itself or to a variety of other known CE protein components, including cystatin alpha, desmoplakin, elafin, keratins, members of the small proline-rich superfamily, loricrin, and unknown proteins related to the desmoplakin family",cystatin alpha,desmoplakin,False
0,7,HPRD50.d38.s0,"Subsequent amino acid sequencing revealed many peptides involving involucrin cross-linked either to itself or to a variety of other known CE protein components, including cystatin alpha, desmoplakin, elafin, keratins, members of the small proline-rich superfamily, loricrin, and unknown proteins related to the desmoplakin family",cystatin alpha,elafin,False
0,7,HPRD50.d38.s0,"Subsequent amino acid sequencing revealed many peptides involving involucrin cross-linked either to itself or to a variety of other known CE protein components, including cystatin alpha, desmoplakin, elafin, keratins, members of the small proline-rich superfamily, loricrin, and unknown proteins related to the desmoplakin family",cystatin alpha,loricrin,False
0,7,HPRD50.d38.s0,"Subsequent amino acid sequencing revealed many peptides involving involucrin cross-linked either to itself or to a variety of other known CE protein components, including cystatin alpha, desmoplakin, elafin, keratins, members of the small proline-rich superfamily, loricrin, and unknown proteins related to the desmoplakin family",cystatin alpha,desmoplakin,False
0,7,HPRD50.d38.s0,"Subsequent amino acid sequencing revealed many peptides involving involucrin cross-linked either to itself or to a variety of other known CE protein components, including cystatin alpha, desmoplakin, elafin, keratins, members of the small proline-rich superfamily, loricrin, and unknown proteins related to the desmoplakin family",desmoplakin,elafin,False
0,7,HPRD50.d38.s0,"Subsequent amino acid sequencing revealed many peptides involving involucrin cross-linked either to itself or to a variety of other known CE protein components, including cystatin alpha, desmoplakin, elafin, keratins, members of the small proline-rich superfamily, loricrin, and unknown proteins related to the desmoplakin family",desmoplakin,loricrin,False
0,7,HPRD50.d38.s0,"Subsequent amino acid sequencing revealed many peptides involving involucrin cross-linked either to itself or to a variety of other known CE protein components, including cystatin alpha, desmoplakin, elafin, keratins, members of the small proline-rich superfamily, loricrin, and unknown proteins related to the desmoplakin family",desmoplakin,desmoplakin,False
0,7,HPRD50.d38.s0,"Subsequent amino acid sequencing revealed many peptides involving involucrin cross-linked either to itself or to a variety of other known CE protein components, including cystatin alpha, desmoplakin, elafin, keratins, members of the small proline-rich superfamily, loricrin, and unknown proteins related to the desmoplakin family",elafin,loricrin,False
0,7,HPRD50.d38.s0,"Subsequent amino acid sequencing revealed many peptides involving involucrin cross-linked either to itself or to a variety of other known CE protein components, including cystatin alpha, desmoplakin, elafin, keratins, members of the small proline-rich superfamily, loricrin, and unknown proteins related to the desmoplakin family",elafin,desmoplakin,False
0,7,HPRD50.d38.s0,"Subsequent amino acid sequencing revealed many peptides involving involucrin cross-linked either to itself or to a variety of other known CE protein components, including cystatin alpha, desmoplakin, elafin, keratins, members of the small proline-rich superfamily, loricrin, and unknown proteins related to the desmoplakin family",loricrin,desmoplakin,False
0,7,HPRD50.d38.s1,"Specific glutamines or lysines of involucrin were used to cross-link the different proteins, such as glutamines 495 and 496 to desmoplakin, glutamine 288 to keratins, and lysines 468, 485, and 508 and glutamines 465 and 489 for interchain involucrin cross-links",involucrin,desmoplakin,False
0,7,HPRD50.d38.s1,"Specific glutamines or lysines of involucrin were used to cross-link the different proteins, such as glutamines 495 and 496 to desmoplakin, glutamine 288 to keratins, and lysines 468, 485, and 508 and glutamines 465 and 489 for interchain involucrin cross-links",involucrin,involucrin,False
0,7,HPRD50.d38.s1,"Specific glutamines or lysines of involucrin were used to cross-link the different proteins, such as glutamines 495 and 496 to desmoplakin, glutamine 288 to keratins, and lysines 468, 485, and 508 and glutamines 465 and 489 for interchain involucrin cross-links",desmoplakin,involucrin,False
0,10,HPRD50.d39.s0,"A prominent isolate, designated SRcyp/CASP10, specifically interacts with the CTD not only in vivo but also in vitro",SRcyp,CASP10,False
0,10,HPRD50.d39.s0,"A prominent isolate, designated SRcyp/CASP10, specifically interacts with the CTD not only in vivo but also in vitro",SRcyp,CTD,True
0,10,HPRD50.d39.s0,"A prominent isolate, designated SRcyp/CASP10, specifically interacts with the CTD not only in vivo but also in vitro",CASP10,CTD,True
0,10,HPRD50.d39.s1,SRcyp is a nuclear protein with a characteristic distribution in large irregularly shaped nuclear speckles and co-localizes perfectly with the SR domain-containing splicing factor SC35,SRcyp,splicing factor SC35,False
0,8,HPRD50.d40.s0,Transient expression of the full-length E2-2 without RSRS in U1240MG glioblastoma cells resulted in repression of FGF-1.B promoter activity,E2-2,FGF-1.B,True
0,8,HPRD50.d40.s1,These results suggest that the relative abundance of the two splice variants of E2-2 in brain could be an important determinant for the expression of FGF-1,E2-2,FGF-1,True
0,10,HPRD50.d6.s0,"Regulation of neutrophil adhesion by pituitary growth hormone accompanies tyrosine phosphorylation of Jak2, p125FAK, and paxillin",Jak2,paxillin,False
0,10,HPRD50.d6.s1,"These results suggest that pituitary GH modulates neutrophil adhesion through tyrosine phosphorylation of Jak2, p125FAK, and paxillin and actin polymerization",Jak2,paxillin,False
0,10,HPRD50.d6.s2,Pituitary GH triggered the tyrosine phosphorylation of Janus kinase 2 (Jak2) and STAT3 in neutrophils,Janus kinase 2,Jak2,False
0,10,HPRD50.d6.s2,Pituitary GH triggered the tyrosine phosphorylation of Janus kinase 2 (Jak2) and STAT3 in neutrophils,Janus kinase 2,STAT3,False
0,10,HPRD50.d6.s2,Pituitary GH triggered the tyrosine phosphorylation of Janus kinase 2 (Jak2) and STAT3 in neutrophils,Jak2,STAT3,False
0,10,HPRD50.d6.s3,"Preincubation with genistein, a tyrosine kinase inhibitor, blocked the GH-stimulated adhesion and Jak2, STAT3, p125FAK, and paxillin phosphorylation",Jak2,STAT3,False
0,10,HPRD50.d6.s3,"Preincubation with genistein, a tyrosine kinase inhibitor, blocked the GH-stimulated adhesion and Jak2, STAT3, p125FAK, and paxillin phosphorylation",Jak2,paxillin,False
0,10,HPRD50.d6.s3,"Preincubation with genistein, a tyrosine kinase inhibitor, blocked the GH-stimulated adhesion and Jak2, STAT3, p125FAK, and paxillin phosphorylation",STAT3,paxillin,False
0,10,HPRD50.d6.s4,Immunoprecipitation experiments revealed a physical association of Jak2 with p125FAK via STAT3 in vivo,Jak2,STAT3,True
0,10,HPRD50.d10.s0,Cutting edge: CD43 functions as a T cell counterreceptor for the macrophage adhesion receptor sialoadhesin (Siglec-1),CD43,sialoadhesin,True
0,10,HPRD50.d10.s0,Cutting edge: CD43 functions as a T cell counterreceptor for the macrophage adhesion receptor sialoadhesin (Siglec-1),CD43,Siglec-1,True
0,10,HPRD50.d10.s0,Cutting edge: CD43 functions as a T cell counterreceptor for the macrophage adhesion receptor sialoadhesin (Siglec-1),sialoadhesin,Siglec-1,False
0,10,HPRD50.d10.s1,"The 130- and 240-kDa sialoadhesin-binding glycoproteins were identified as the sialomucins CD43 and P-selectin glycoprotein ligand 1 (CD162), respectively",CD43,P-selectin glycoprotein ligand 1,False
0,10,HPRD50.d10.s1,"The 130- and 240-kDa sialoadhesin-binding glycoproteins were identified as the sialomucins CD43 and P-selectin glycoprotein ligand 1 (CD162), respectively",CD43,CD162,False
0,10,HPRD50.d10.s1,"The 130- and 240-kDa sialoadhesin-binding glycoproteins were identified as the sialomucins CD43 and P-selectin glycoprotein ligand 1 (CD162), respectively",P-selectin glycoprotein ligand 1,CD162,False
0,10,HPRD50.d10.s2,CD43 expressed in COS cells supported increased binding to immobilized sialoadhesin,CD43,sialoadhesin,True
0,10,HPRD50.d10.s3,"Finally, sialoadhesin bound different glycoforms of CD43 expressed in Chinese hamster ovary cells, including unbranched (core 1) and branched (core 2) O:-linked glycans, that are normally found on CD43 in resting and activated T cells, respectively",sialoadhesin,CD43,True
0,10,HPRD50.d10.s3,"Finally, sialoadhesin bound different glycoforms of CD43 expressed in Chinese hamster ovary cells, including unbranched (core 1) and branched (core 2) O:-linked glycans, that are normally found on CD43 in resting and activated T cells, respectively",sialoadhesin,CD43,False
0,10,HPRD50.d10.s3,"Finally, sialoadhesin bound different glycoforms of CD43 expressed in Chinese hamster ovary cells, including unbranched (core 1) and branched (core 2) O:-linked glycans, that are normally found on CD43 in resting and activated T cells, respectively",CD43,CD43,False
0,10,HPRD50.d10.s4,These results identify CD43 as a T cell counterreceptor for sialoadhesin and suggest that in addition to its anti-adhesive role CD43 may promote cell-cell interactions,CD43,sialoadhesin,True
0,10,HPRD50.d10.s4,These results identify CD43 as a T cell counterreceptor for sialoadhesin and suggest that in addition to its anti-adhesive role CD43 may promote cell-cell interactions,CD43,CD43,False
0,10,HPRD50.d10.s4,These results identify CD43 as a T cell counterreceptor for sialoadhesin and suggest that in addition to its anti-adhesive role CD43 may promote cell-cell interactions,sialoadhesin,CD43,False
0,5,HPRD50.d15.s0,"Physical association of beta 2 integrin with GPI-80, a novel glycosylphosphatidylinositol-anchored protein with potential for regulating adhesion and migration",beta 2 integrin,GPI-80,True
0,5,HPRD50.d15.s1,"To clarify the mechanisms by which GPI-80 functions on leukocytes, we explored the possibility of its physical association with beta 2 integrin which is important for leukocyte adherence, locomotion, and extravasation",GPI-80,beta 2 integrin,True
0,5,HPRD50.d15.s2,"beta 2 integrin, detected by anti-CD18 mAb, was coprecipitated with GPI-80 from human neutrophil lysates by a mAb to GPI-80",beta 2 integrin,GPI-80,True
0,5,HPRD50.d15.s2,"beta 2 integrin, detected by anti-CD18 mAb, was coprecipitated with GPI-80 from human neutrophil lysates by a mAb to GPI-80",beta 2 integrin,GPI-80,False
0,5,HPRD50.d15.s2,"beta 2 integrin, detected by anti-CD18 mAb, was coprecipitated with GPI-80 from human neutrophil lysates by a mAb to GPI-80",GPI-80,GPI-80,False
0,5,HPRD50.d15.s3,"In addition, GPI-80 was immunoprecipitated from human neutrophil lysates by anti-human CD18 mAb",GPI-80,CD18,True
0,5,HPRD50.d15.s4,These results clearly show that GPI-80 is physically associated with beta 2 integrin in human neutrophils,GPI-80,beta 2 integrin,True
0,4,HPRD50.d17.s0,DGKdelta (type II isozyme) contains a pleckstrin homology domain at the N terminus and a sterile alpha motif domain at the C terminus,DGKdelta,pleckstrin,False
0,3,HPRD50.d28.s0,We report that MSH2 (MutS homolog 2) protein interacts with the ATR (ATM- and Rad3-related) kinase to form a signaling module and regulate the phosphorylation of Chk1 and SMC1 (structure maintenance of chromosome 1),MSH2,Chk1,True
0,3,HPRD50.d28.s0,We report that MSH2 (MutS homolog 2) protein interacts with the ATR (ATM- and Rad3-related) kinase to form a signaling module and regulate the phosphorylation of Chk1 and SMC1 (structure maintenance of chromosome 1),MSH2,SMC1,True
0,3,HPRD50.d28.s0,We report that MSH2 (MutS homolog 2) protein interacts with the ATR (ATM- and Rad3-related) kinase to form a signaling module and regulate the phosphorylation of Chk1 and SMC1 (structure maintenance of chromosome 1),Chk1,SMC1,False
0,3,HPRD50.d28.s1,We found that phosphorylation of Chk1 by ATR also requires checkpoint proteins Rad17 and replication protein A,Chk1,Rad17,True
0,3,HPRD50.d28.s2,"In contrast, phosphorylation of SMC1 by ATR is independent of Rad17 and replication protein A, suggesting that the signaling pathway leading to SMC1 phosphorylation is distinct from that mediated by the checkpoint proteins",SMC1,Rad17,False
0,3,HPRD50.d28.s2,"In contrast, phosphorylation of SMC1 by ATR is independent of Rad17 and replication protein A, suggesting that the signaling pathway leading to SMC1 phosphorylation is distinct from that mediated by the checkpoint proteins",SMC1,SMC1,False
0,3,HPRD50.d28.s2,"In contrast, phosphorylation of SMC1 by ATR is independent of Rad17 and replication protein A, suggesting that the signaling pathway leading to SMC1 phosphorylation is distinct from that mediated by the checkpoint proteins",Rad17,SMC1,False
0,3,HPRD50.d28.s3,"In addition, both MSH2 and Rad17 are required for the activation of the S-phase checkpoint to suppress DNA synthesis in response to MNNG, and phosphorylation of SMC1 is required for cellular survival",MSH2,Rad17,False
0,3,HPRD50.d28.s3,"In addition, both MSH2 and Rad17 are required for the activation of the S-phase checkpoint to suppress DNA synthesis in response to MNNG, and phosphorylation of SMC1 is required for cellular survival",MSH2,SMC1,False
0,3,HPRD50.d28.s3,"In addition, both MSH2 and Rad17 are required for the activation of the S-phase checkpoint to suppress DNA synthesis in response to MNNG, and phosphorylation of SMC1 is required for cellular survival",Rad17,SMC1,False
0,1,HPRD50.d36.s0,"CD22 associates with protein tyrosine phosphatase 1C, Syk, and phospholipase C-gamma(1) upon B cell activation",CD22,protein tyrosine phosphatase 1C,True
0,1,HPRD50.d36.s1,These results suggest that tyrosyl-phosphorylated CD22 may be a substrate for PTP-1C regulates tyrosyl phosphorylation of CD22,CD22,PTP-1C,True
0,1,HPRD50.d36.s1,These results suggest that tyrosyl-phosphorylated CD22 may be a substrate for PTP-1C regulates tyrosyl phosphorylation of CD22,CD22,CD22,False
0,1,HPRD50.d36.s1,These results suggest that tyrosyl-phosphorylated CD22 may be a substrate for PTP-1C regulates tyrosyl phosphorylation of CD22,PTP-1C,CD22,True
0,1,HPRD50.d36.s2,The association of PTP-1C with CD22 was mediated by the NH2-terminal Src homology 2 (SH2) domain of PTP-1C,PTP-1C,CD22,True
0,1,HPRD50.d36.s2,The association of PTP-1C with CD22 was mediated by the NH2-terminal Src homology 2 (SH2) domain of PTP-1C,PTP-1C,PTP-1C,False
0,1,HPRD50.d36.s2,The association of PTP-1C with CD22 was mediated by the NH2-terminal Src homology 2 (SH2) domain of PTP-1C,CD22,PTP-1C,True
0,1,HPRD50.d36.s3,"Complexes of either CD22/PTP-1C/Syk/PLC-gamma(1) could be isolated from B cells stimulated by BCR engagement or a mixture of hydrogen peroxidase and sodium orthovanadate, respectively",CD22,PTP-1C,True
0,1,HPRD50.d36.s4,Transient expression of CD22 and a null mutant of PTP-1C (PTP-1CM) in COS cells resulted in an increase in tyrosyl phosphorylation of CD22 and its interaction with PTP-1CM,CD22,PTP-1C,False
0,1,HPRD50.d36.s4,Transient expression of CD22 and a null mutant of PTP-1C (PTP-1CM) in COS cells resulted in an increase in tyrosyl phosphorylation of CD22 and its interaction with PTP-1CM,CD22,CD22,False
0,1,HPRD50.d36.s4,Transient expression of CD22 and a null mutant of PTP-1C (PTP-1CM) in COS cells resulted in an increase in tyrosyl phosphorylation of CD22 and its interaction with PTP-1CM,PTP-1C,CD22,True
0,1,HPRD50.d36.s5,"By contrast, CD22 was not tyrosyl phosphorylated or associated with PTP-1CM in the presence of wild-type PTP-1C",CD22,PTP-1C,False
0,2,HPRD50.d37.s0,"TFIID dimers formed through self-association of the TATA-binding polypeptide (TBP) subunit and could be immunoprecipitated with antibodies to TAF(II)250, the core subunit of TFIID",TFIID,TBP,False
0,2,HPRD50.d37.s0,"TFIID dimers formed through self-association of the TATA-binding polypeptide (TBP) subunit and could be immunoprecipitated with antibodies to TAF(II)250, the core subunit of TFIID",TFIID,TAF(II)250,True
0,2,HPRD50.d37.s0,"TFIID dimers formed through self-association of the TATA-binding polypeptide (TBP) subunit and could be immunoprecipitated with antibodies to TAF(II)250, the core subunit of TFIID",TFIID,TFIID,False
0,2,HPRD50.d37.s0,"TFIID dimers formed through self-association of the TATA-binding polypeptide (TBP) subunit and could be immunoprecipitated with antibodies to TAF(II)250, the core subunit of TFIID",TBP,TAF(II)250,False
0,2,HPRD50.d37.s0,"TFIID dimers formed through self-association of the TATA-binding polypeptide (TBP) subunit and could be immunoprecipitated with antibodies to TAF(II)250, the core subunit of TFIID",TBP,TFIID,False
0,2,HPRD50.d37.s0,"TFIID dimers formed through self-association of the TATA-binding polypeptide (TBP) subunit and could be immunoprecipitated with antibodies to TAF(II)250, the core subunit of TFIID",TAF(II)250,TFIID,True
0,5,HPRD50.d41.s0,"We report here that PLZF, and a structurally similar transcriptional repressor, BCL-6, can interact with a variety of corepressor proteins in addition to SMRT, including the mSin3A protein and (for PLZF) histone deacetylase-1",BCL-6,histone deacetylase-1,True
0,4,HPRD50.d42.s0,"Herein, we show that a distinct IkappaB protein Bcl3 also interacts with RXR, as shown in the yeast two-hybrid tests and glutathione S-transferase pull-down assays",Bcl3,glutathione S-transferase,False
0,4,HPRD50.d42.s1,"In contrast to IkappaBbeta, Bcl3 did not interact with the AF2 domain of RXR",IkappaBbeta,Bcl3,False
0,4,HPRD50.d42.s2,"Bcl3 specifically interacted with the general transcription factors TFIIB, TBP, and TFIIA but not with TFIIEalpha in the GST pull-down assays",Bcl3,TFIIB,True
0,4,HPRD50.d42.s2,"Bcl3 specifically interacted with the general transcription factors TFIIB, TBP, and TFIIA but not with TFIIEalpha in the GST pull-down assays",Bcl3,TFIIA,True
0,4,HPRD50.d42.s2,"Bcl3 specifically interacted with the general transcription factors TFIIB, TBP, and TFIIA but not with TFIIEalpha in the GST pull-down assays",Bcl3,GST,False
0,4,HPRD50.d42.s2,"Bcl3 specifically interacted with the general transcription factors TFIIB, TBP, and TFIIA but not with TFIIEalpha in the GST pull-down assays",TFIIB,TFIIA,False
0,4,HPRD50.d42.s2,"Bcl3 specifically interacted with the general transcription factors TFIIB, TBP, and TFIIA but not with TFIIEalpha in the GST pull-down assays",TFIIB,GST,False
0,4,HPRD50.d42.s2,"Bcl3 specifically interacted with the general transcription factors TFIIB, TBP, and TFIIA but not with TFIIEalpha in the GST pull-down assays",TFIIA,GST,False
0,4,HPRD50.d42.s3,"TBP and TFIIA, however, were not able to interact with IkappaBbeta",TFIIA,IkappaBbeta,False
0,4,HPRD50.d42.s4,"Accordingly, Bcl3 coactivated the 9-cis-RA-induced transactivations of RXR, in contrast to the inhibitory actions of IkappaBbeta",Bcl3,IkappaBbeta,False
0,4,HPRD50.d42.s5,"In addition, coexpression of SRC-1 but not p300 further stimulated the Bcl3-mediated enhancement of the 9-cis-RA-induced transactivations of RXR",SRC-1,p300,False
